event_key,event_name,event_type,event_location,event_location_size,event_begin_time,event_end_time,city
1,NFL,sport,"800 Griffiths Way,Vancouver, BC V6B 6G1","18,860",1/15/2015,1/15/2015,vancouver
2,NFL,sport,"800 Griffiths Way,Vancouver, BC V6B 6G1","18,860",1/16/2015,1/16/2015,vancouver
3,NFL,sport,"800 Griffiths Way,Vancouver, BC V6B 6G1","18,860",1/19/2015,1/19/2015,vancouver
4,NFL,sport,"800 Griffiths Way,Vancouver, BC V6B 6G1","18,860",1/20/2015,1/20/2015,vancouver
5,NFL,sport,"800 Griffiths Way,Vancouver, BC V6B 6G1","18,860",1/27/2015,1/27/2015,vancouver
6,NFL,sport,"800 Griffiths Way,Vancouver, BC V6B 6G1","18,860",1/30/2015,1/30/2015,vancouver
7,NFL,sport,"800 Griffiths Way,Vancouver, BC V6B 6G1","18,860",2/1/2015,2/1/2015,vancouver
8,NFL,sport,"800 Griffiths Way,Vancouver, BC V6B 6G1","18,860",2/3/2015,2/3/2015,vancouver
9,NFL,sport,"800 Griffiths Way,Vancouver, BC V6B 6G1","18,860",2/5/2015,2/5/2015,vancouver
10,NFL,sport,"800 Griffiths Way,Vancouver, BC V6B 6G1","18,860",2/7/2015,2/7/2015,vancouver
11,NFL,sport,"800 Griffiths Way,Vancouver, BC V6B 6G1","18,860",2/9/2015,2/9/2015,vancouver
12,NFL,sport,"800 Griffiths Way,Vancouver, BC V6B 6G1","18,860",2/11/2015,2/11/2015,vancouver
13,NFL,sport,"800 Griffiths Way,Vancouver, BC V6B 6G1","18,860",2/13/2015,2/13/2015,vancouver
14,NFL,sport,"800 Griffiths Way,Vancouver, BC V6B 6G1","18,860",2/14/2015,2/14/2015,vancouver
15,NFL,sport,"800 Griffiths Way,Vancouver, BC V6B 6G1","18,860",2/16/2015,2/16/2015,vancouver
16,NFL,sport,"800 Griffiths Way,Vancouver, BC V6B 6G1","18,860",2/19/2015,2/19/2015,vancouver
17,NFL,sport,"800 Griffiths Way,Vancouver, BC V6B 6G1","18,860",2/20/2015,2/20/2015,vancouver
18,NFL,sport,"800 Griffiths Way,Vancouver, BC V6B 6G1","18,860",2/22/2015,2/22/2015,vancouver
19,NFL,sport,"800 Griffiths Way,Vancouver, BC V6B 6G1","18,860",2/24/2015,2/24/2015,vancouver
20,NFL,sport,"800 Griffiths Way,Vancouver, BC V6B 6G1","18,860",2/26/2015,2/26/2015,vancouver
21,NFL,sport,"800 Griffiths Way,Vancouver, BC V6B 6G1","18,860",3/1/2015,3/1/2015,vancouver
22,NFL,sport,"800 Griffiths Way,Vancouver, BC V6B 6G1","18,860",3/3/2015,3/3/2015,vancouver
23,NFL,sport,"800 Griffiths Way,Vancouver, BC V6B 6G1","18,860",3/5/2015,3/5/2015,vancouver
24,NFL,sport,"800 Griffiths Way,Vancouver, BC V6B 6G1","18,860",3/7/2015,3/7/2015,vancouver
25,NFL,sport,"800 Griffiths Way,Vancouver, BC V6B 6G1","18,860",3/9/2015,3/9/2015,vancouver
26,NFL,sport,"800 Griffiths Way,Vancouver, BC V6B 6G1","18,860",3/12/2015,3/12/2015,vancouver
27,NFL,sport,"800 Griffiths Way,Vancouver, BC V6B 6G1","18,860",3/14/2015,3/14/2015,vancouver
28,NFL,sport,"800 Griffiths Way,Vancouver, BC V6B 6G1","18,860",3/17/2015,3/17/2015,vancouver
29,NFL,sport,"800 Griffiths Way,Vancouver, BC V6B 6G1","18,860",3/19/2015,3/19/2015,vancouver
30,NFL,sport,"800 Griffiths Way,Vancouver, BC V6B 6G1","18,860",3/21/2015,3/21/2015,vancouver
31,NFL,sport,"800 Griffiths Way,Vancouver, BC V6B 6G1","18,860",3/22/2015,3/22/2015,vancouver
32,NFL,sport,"800 Griffiths Way,Vancouver, BC V6B 6G1","18,860",3/24/2015,3/24/2015,vancouver
33,NFL,sport,"800 Griffiths Way,Vancouver, BC V6B 6G1","18,860",3/26/2015,3/26/2015,vancouver
34,NFL,sport,"800 Griffiths Way,Vancouver, BC V6B 6G1","18,860",3/28/2015,3/28/2015,vancouver
35,NFL,sport,"800 Griffiths Way,Vancouver, BC V6B 6G1","18,860",3/30/2015,3/30/2015,vancouver
36,NFL,sport,"800 Griffiths Way,Vancouver, BC V6B 6G1","18,860",3/31/2015,3/31/2015,vancouver
37,NFL,sport,"800 Griffiths Way,Vancouver, BC V6B 6G1","18,860",4/2/2015,4/2/2015,vancouver
38,NFL,sport,"800 Griffiths Way,Vancouver, BC V6B 6G1","18,860",4/4/2015,4/4/2015,vancouver
39,NFL,sport,"800 Griffiths Way,Vancouver, BC V6B 6G1","18,860",4/6/2015,4/6/2015,vancouver
40,NFL,sport,"800 Griffiths Way,Vancouver, BC V6B 6G1","18,860",4/9/2015,4/9/2015,vancouver
41,NFL,sport,"800 Griffiths Way,Vancouver, BC V6B 6G1","18,860",4/11/2015,4/11/2015,vancouver
42,Spread The Word Music Festival,music,"4603 Humboldt St, Denver, CO 80216",55500,5/5/2015,5/8/2015,denver
43,Greeley Blues Jam,music,"504 N 14th Ave, Greeley, CO 80631",,6/9/2015,6/10/2015,denver
44,Taste of Fort Collins,music,"Civic Center Park, Fort Collins, Colorado",,6/9/2015,6/9/2015,denver
45,Sonic Bloom Festival,music,"Hummingbird Ranch, Colorado",,6/15/2015,6/18/2015,denver
46,Telluride Bluegrass Festival,music,"Telluride Town Park 500 E Colorado Ave Telluride, CO",,6/15/2015,6/18/2015,denver
47,international jazz festival ,music ,"751 Hornby St, Vancouver, BC V6Z 2H7",46000,6/18/2015,7/1/2015,vancourver
48,Westword Music Showcase,music,"1080-1098 Acoma St, Denver, CO 80207",,6/25/2015,6/25/2015,denver
49,The Ride Festival,music,"503 E Colorado Ave, Telluride, CO 81435",,7/8/2015,7/9/2015,denver
50,folk music festival,music ," 3942 Point Grey Rd, Vancouver, BC V6R 1B5",38000,7/17/2015,7/19/2015,vancourver
51,The Underground Music Showcase,music,"downtown,Denver, Colorado",,7/27/2015,7/30/2015,denver
52,Squamish Valley Music Festival,music ,"1009 Centennial Way, Squamish, BC V8B 0E2",120000,8/7/2015,8/9/2015,vancourver
53,FoCoMX,music,"Fort Collins, CO 80527",48000,8/28/2015,8/29/2015,denver
54,Jazz Aspen Snowmass,music,"113 E Hallam St # 104, Aspen, CO 81611",,9/1/2015,9/3/2015,denver
55,Rifflandia Music Festival,music ,"Victoria, British Columbia",12500,9/17/2015,9/20/2015,vancourver
56,NFL,sport,"800 Griffiths Way,Vancouver, BC V6B 6G1","18,860",10/7/2015,10/7/2015,vancouver
57,NFL,sport,"800 Griffiths Way,Vancouver, BC V6B 6G1","18,860",10/10/2015,10/10/2015,vancouver
58,NFL,sport,"800 Griffiths Way,Vancouver, BC V6B 6G1","18,860",10/12/2015,10/12/2015,vancouver
59,NFL,sport,"800 Griffiths Way,Vancouver, BC V6B 6G1","18,860",10/13/2015,10/13/2015,vancouver
60,NFL,sport,"800 Griffiths Way,Vancouver, BC V6B 6G1","18,860",10/16/2015,10/16/2015,vancouver
61,NFL,sport,"800 Griffiths Way,Vancouver, BC V6B 6G1","18,860",10/18/2015,10/18/2015,vancouver
62,NFL,sport,"800 Griffiths Way,Vancouver, BC V6B 6G1","18,860",10/22/2015,10/22/2015,vancouver
63,NFL,sport,"800 Griffiths Way,Vancouver, BC V6B 6G1","18,860",10/24/2015,10/24/2015,vancouver
64,NFL,sport,"800 Griffiths Way,Vancouver, BC V6B 6G1","18,860",10/27/2015,10/27/2015,vancouver
65,NFL,sport,"800 Griffiths Way,Vancouver, BC V6B 6G1","18,860",10/29/2015,10/29/2015,vancouver
66,NFL,sport,"800 Griffiths Way,Vancouver, BC V6B 6G1","18,860",10/30/2015,10/30/2015,vancouver
67,NFL,sport,"800 Griffiths Way,Vancouver, BC V6B 6G1","18,860",11/2/2015,11/2/2015,vancouver
68,NFL,sport,"800 Griffiths Way,Vancouver, BC V6B 6G1","18,860",11/4/2015,11/4/2015,vancouver
69,NFL,sport,"800 Griffiths Way,Vancouver, BC V6B 6G1","18,860",11/7/2015,11/7/2015,vancouver
70,NFL,sport,"800 Griffiths Way,Vancouver, BC V6B 6G1","18,860",11/8/2015,11/8/2015,vancouver
71,NFL,sport,"800 Griffiths Way,Vancouver, BC V6B 6G1","18,860",11/10/2015,11/10/2015,vancouver
72,NFL,sport,"800 Griffiths Way,Vancouver, BC V6B 6G1","18,860",11/12/2015,11/12/2015,vancouver
73,NFL,sport,"800 Griffiths Way,Vancouver, BC V6B 6G1","18,860",11/14/2015,11/14/2015,vancouver
74,NFL,sport,"800 Griffiths Way,Vancouver, BC V6B 6G1","18,860",11/16/2015,11/16/2015,vancouver
75,NFL,sport,"800 Griffiths Way,Vancouver, BC V6B 6G1","18,860",11/18/2015,11/18/2015,vancouver
76,NFL,sport,"800 Griffiths Way,Vancouver, BC V6B 6G1","18,860",11/21/2015,11/21/2015,vancouver
77,NFL,sport,"800 Griffiths Way,Vancouver, BC V6B 6G1","18,860",11/22/2015,11/22/2015,vancouver
78,NFL,sport,"800 Griffiths Way,Vancouver, BC V6B 6G1","18,860",11/25/2015,11/25/2015,vancouver
79,NFL,sport,"800 Griffiths Way,Vancouver, BC V6B 6G1","18,860",11/27/2015,11/27/2015,vancouver
80,NFL,sport,"800 Griffiths Way,Vancouver, BC V6B 6G1","18,860",11/30/2015,11/30/2015,vancouver
81,NFL,sport,"800 Griffiths Way,Vancouver, BC V6B 6G1","18,860",12/1/2015,12/1/2015,vancouver
82,NFL,sport,"800 Griffiths Way,Vancouver, BC V6B 6G1","18,860",12/3/2015,12/3/2015,vancouver
83,NFL,sport,"800 Griffiths Way,Vancouver, BC V6B 6G1","18,860",12/5/2015,12/5/2015,vancouver
84,NFL,sport,"800 Griffiths Way,Vancouver, BC V6B 6G1","18,860",12/7/2015,12/7/2015,vancouver
85,NFL,sport,"800 Griffiths Way,Vancouver, BC V6B 6G1","18,860",12/9/2015,12/9/2015,vancouver
86,NFL,sport,"800 Griffiths Way,Vancouver, BC V6B 6G1","18,860",12/13/2015,12/13/2015,vancouver
87,NFL,sport,"800 Griffiths Way,Vancouver, BC V6B 6G1","18,860",12/15/2015,12/15/2015,vancouver
88,NFL,sport,"800 Griffiths Way,Vancouver, BC V6B 6G1","18,860",12/17/2015,12/17/2015,vancouver
89,NFL,sport,"800 Griffiths Way,Vancouver, BC V6B 6G1","18,860",12/18/2015,12/18/2015,vancouver
90,NFL,sport,"800 Griffiths Way,Vancouver, BC V6B 6G1","18,860",12/20/2015,12/20/2015,vancouver
91,NFL,sport,"800 Griffiths Way,Vancouver, BC V6B 6G1","18,860",12/22/2015,12/22/2015,vancouver
92,NFL,sport,"800 Griffiths Way,Vancouver, BC V6B 6G1","18,860",12/26/2015,12/26/2015,vancouver
93,NFL,sport,"800 Griffiths Way,Vancouver, BC V6B 6G1","18,860",12/28/2015,12/28/2015,vancouver
94,NFL,sport,"800 Griffiths Way,Vancouver, BC V6B 6G1","18,860",1/1/2016,1/1/2016,vancouver
95,NFL,sport,"800 Griffiths Way,Vancouver, BC V6B 6G1","18,860",1/4/2016,1/4/2016,vancouver
96,NFL,sport,"800 Griffiths Way,Vancouver, BC V6B 6G1","18,860",1/6/2016,1/6/2016,vancouver
97,NFL,sport,"800 Griffiths Way,Vancouver, BC V6B 6G1","18,860",1/9/2016,1/9/2016,vancouver
98,NFL,sport,"800 Griffiths Way,Vancouver, BC V6B 6G1","18,860",1/11/2016,1/11/2016,vancouver
99,NFL,sport,"800 Griffiths Way,Vancouver, BC V6B 6G1","18,860",1/14/2016,1/14/2016,vancouver
100,NFL,sport,"800 Griffiths Way,Vancouver, BC V6B 6G1","18,860",1/15/2016,1/15/2016,vancouver
101,NFL,sport,"800 Griffiths Way,Vancouver, BC V6B 6G1","18,860",1/17/2016,1/17/2016,vancouver
102,NFL,sport,"800 Griffiths Way,Vancouver, BC V6B 6G1","18,860",1/19/2016,1/19/2016,vancouver
103,NFL,sport,"800 Griffiths Way,Vancouver, BC V6B 6G1","18,860",1/21/2016,1/21/2016,vancouver
104,NFL,sport,"800 Griffiths Way,Vancouver, BC V6B 6G1","18,860",1/23/2016,1/23/2016,vancouver
105,NFL,sport,"800 Griffiths Way,Vancouver, BC V6B 6G1","18,860",1/26/2016,1/26/2016,vancouver
106,NFL,sport,"800 Griffiths Way,Vancouver, BC V6B 6G1","18,860",2/4/2016,2/4/2016,vancouver
107,NFL,sport,"800 Griffiths Way,Vancouver, BC V6B 6G1","18,860",2/6/2016,2/6/2016,vancouver
108,NFL,sport,"800 Griffiths Way,Vancouver, BC V6B 6G1","18,860",2/9/2016,2/9/2016,vancouver
109,NFL,sport,"800 Griffiths Way,Vancouver, BC V6B 6G1","18,860",2/10/2016,2/10/2016,vancouver
110,NFL,sport,"800 Griffiths Way,Vancouver, BC V6B 6G1","18,860",2/13/2016,2/13/2016,vancouver
111,NFL,sport,"800 Griffiths Way,Vancouver, BC V6B 6G1","18,860",2/15/2016,2/15/2016,vancouver
112,NFL,sport,"800 Griffiths Way,Vancouver, BC V6B 6G1","18,860",2/18/2016,2/18/2016,vancouver
113,NFL,sport,"800 Griffiths Way,Vancouver, BC V6B 6G1","18,860",2/19/2016,2/19/2016,vancouver
114,NFL,sport,"800 Griffiths Way,Vancouver, BC V6B 6G1","18,860",2/21/2016,2/21/2016,vancouver
115,NFL,sport,"800 Griffiths Way,Vancouver, BC V6B 6G1","18,860",2/25/2016,2/25/2016,vancouver
116,NFL,sport,"800 Griffiths Way,Vancouver, BC V6B 6G1","18,860",2/28/2016,2/28/2016,vancouver
117,NFL,sport,"800 Griffiths Way,Vancouver, BC V6B 6G1","18,860",3/1/2016,3/1/2016,vancouver
118,NFL,sport,"800 Griffiths Way,Vancouver, BC V6B 6G1","18,860",3/3/2016,3/3/2016,vancouver
119,NFL,sport,"800 Griffiths Way,Vancouver, BC V6B 6G1","18,860",3/5/2016,3/5/2016,vancouver
120,NFL,sport,"800 Griffiths Way,Vancouver, BC V6B 6G1","18,860",3/7/2016,3/7/2016,vancouver
121,NFL,sport,"800 Griffiths Way,Vancouver, BC V6B 6G1","18,860",3/9/2016,3/9/2016,vancouver
122,NFL,sport,"800 Griffiths Way,Vancouver, BC V6B 6G1","18,860",3/12/2016,3/12/2016,vancouver
123,NFL,sport,"800 Griffiths Way,Vancouver, BC V6B 6G1","18,860",3/14/2016,3/14/2016,vancouver
124,NFL,sport,"800 Griffiths Way,Vancouver, BC V6B 6G1","18,860",3/16/2016,3/16/2016,vancouver
125,NFL,sport,"800 Griffiths Way,Vancouver, BC V6B 6G1","18,860",3/18/2016,3/18/2016,vancouver
126,NFL,sport,"800 Griffiths Way,Vancouver, BC V6B 6G1","18,860",3/19/2016,3/19/2016,vancouver
127,NFL,sport,"800 Griffiths Way,Vancouver, BC V6B 6G1","18,860",3/22/2016,3/22/2016,vancouver
128,NFL,sport,"800 Griffiths Way,Vancouver, BC V6B 6G1","18,860",3/24/2016,3/24/2016,vancouver
129,NFL,sport,"800 Griffiths Way,Vancouver, BC V6B 6G1","18,860",3/25/2016,3/25/2016,vancouver
130,NFL,sport,"800 Griffiths Way,Vancouver, BC V6B 6G1","18,860",3/27/2016,3/27/2016,vancouver
131,NFL,sport,"800 Griffiths Way,Vancouver, BC V6B 6G1","18,860",3/29/2016,3/29/2016,vancouver
132,NFL,sport,"800 Griffiths Way,Vancouver, BC V6B 6G1","18,860",3/31/2016,3/31/2016,vancouver
133,NFL,sport,"800 Griffiths Way,Vancouver, BC V6B 6G1","18,860",4/1/2016,4/1/2016,vancouver
134,baseball,sport,"2001 Blake St, Denver, CO 80205","50,398",4/4/2016,4/4/2016,denver
135,NFL,sport,"800 Griffiths Way,Vancouver, BC V6B 6G1","18,860",4/4/2016,4/4/2016,vancouver
136,baseball,sport,"2001 Blake St, Denver, CO 80205","50,398",4/5/2016,4/5/2016,denver
137,baseball,sport,"2001 Blake St, Denver, CO 80205","50,398",4/6/2016,4/6/2016,denver
138,NFL,sport,"800 Griffiths Way,Vancouver, BC V6B 6G1","18,860",4/6/2016,4/6/2016,vancouver
139,NFL,sport,"800 Griffiths Way,Vancouver, BC V6B 6G1","18,860",4/7/2016,4/7/2016,vancouver
140,baseball,sport,"2001 Blake St, Denver, CO 80205","50,398",4/8/2016,4/8/2016,denver
141,baseball,sport,"2001 Blake St, Denver, CO 80205","50,398",4/9/2016,4/9/2016,denver
142,NFL,sport,"800 Griffiths Way,Vancouver, BC V6B 6G1","18,860",4/9/2016,4/9/2016,vancouver
143,baseball,sport,"2001 Blake St, Denver, CO 80205","50,398",4/10/2016,4/10/2016,denver
144,baseball,sport,"2001 Blake St, Denver, CO 80205","50,398",4/12/2016,4/12/2016,denver
145,baseball,sport,"2001 Blake St, Denver, CO 80205","50,398",4/13/2016,4/13/2016,denver
146,baseball,sport,"2001 Blake St, Denver, CO 80205","50,398",4/14/2016,4/14/2016,denver
147,baseball,sport,"2001 Blake St, Denver, CO 80205","50,398",4/15/2016,4/15/2016,denver
148,baseball,sport,"2001 Blake St, Denver, CO 80205","50,398",4/16/2016,4/16/2016,denver
149,baseball,sport,"2001 Blake St, Denver, CO 80205","50,398",4/17/2016,4/17/2016,denver
150,baseball,sport,"2001 Blake St, Denver, CO 80205","50,398",4/18/2016,4/18/2016,denver
151,baseball,sport,"2001 Blake St, Denver, CO 80205","50,398",4/19/2016,4/19/2016,denver
152,baseball,sport,"2001 Blake St, Denver, CO 80205","50,398",4/20/2016,4/20/2016,denver
153,baseball,sport,"2001 Blake St, Denver, CO 80205","50,398",4/22/2016,4/22/2016,denver
154,baseball,sport,"2001 Blake St, Denver, CO 80205","50,398",4/23/2016,4/23/2016,denver
155,baseball,sport,"2001 Blake St, Denver, CO 80205","50,398",4/24/2016,4/24/2016,denver
156,baseball,sport,"2001 Blake St, Denver, CO 80205","50,398",4/25/2016,4/25/2016,denver
157,baseball,sport,"2001 Blake St, Denver, CO 80205","50,398",4/26/2016,4/26/2016,denver
158,baseball,sport,"2001 Blake St, Denver, CO 80205","50,398",4/27/2016,4/27/2016,denver
159,baseball,sport,"2001 Blake St, Denver, CO 80205","50,398",4/29/2016,4/29/2016,denver
160,baseball,sport,"2001 Blake St, Denver, CO 80205","50,398",4/30/2016,4/30/2016,denver
161,baseball,sport,"2001 Blake St, Denver, CO 80205","50,398",5/1/2016,5/1/2016,denver
162,baseball,sport,"2001 Blake St, Denver, CO 80205","50,398",5/2/2016,5/2/2016,denver
163,baseball,sport,"2001 Blake St, Denver, CO 80205","50,398",5/3/2016,5/3/2016,denver
164,baseball,sport,"2001 Blake St, Denver, CO 80205","50,398",5/4/2016,5/4/2016,denver
165,Spread The Word Music Festival,music,"4602 Humboldt St, Denver, CO 80216",40500,5/5/2016,5/8/2016,denver
166,baseball,sport,"2001 Blake St, Denver, CO 80205","50,398",5/5/2016,5/5/2016,denver
167,baseball,sport,"2001 Blake St, Denver, CO 80205","50,398",5/6/2016,5/6/2016,denver
168,baseball,sport,"2001 Blake St, Denver, CO 80205","50,398",5/7/2016,5/7/2016,denver
169,baseball,sport,"2001 Blake St, Denver, CO 80205","50,398",5/8/2016,5/8/2016,denver
170,baseball,sport,"2001 Blake St, Denver, CO 80205","50,398",5/9/2016,5/9/2016,denver
171,baseball,sport,"2001 Blake St, Denver, CO 80205","50,398",5/10/2016,5/10/2016,denver
172,baseball,sport,"2001 Blake St, Denver, CO 80205","50,398",5/11/2016,5/11/2016,denver
173,baseball,sport,"2001 Blake St, Denver, CO 80205","50,398",5/13/2016,5/13/2016,denver
174,baseball,sport,"2001 Blake St, Denver, CO 80205","50,398",5/14/2016,5/14/2016,denver
175,baseball,sport,"2001 Blake St, Denver, CO 80205","50,398",5/15/2016,5/15/2016,denver
176,baseball,sport,"2001 Blake St, Denver, CO 80205","50,398",5/17/2016,5/17/2016,denver
177,baseball,sport,"2001 Blake St, Denver, CO 80205","50,398",5/18/2016,5/18/2016,denver
178,baseball,sport,"2001 Blake St, Denver, CO 80205","50,398",5/19/2016,5/19/2016,denver
179,baseball,sport,"2001 Blake St, Denver, CO 80205","50,398",5/20/2016,5/20/2016,denver
180,baseball,sport,"2001 Blake St, Denver, CO 80205","50,398",5/21/2016,5/21/2016,denver
181,baseball,sport,"2001 Blake St, Denver, CO 80205","50,398",5/23/2016,5/23/2016,denver
182,baseball,sport,"2001 Blake St, Denver, CO 80205","50,398",5/24/2016,5/24/2016,denver
183,baseball,sport,"2001 Blake St, Denver, CO 80205","50,398",5/25/2016,5/25/2016,denver
184,baseball,sport,"2001 Blake St, Denver, CO 80205","50,398",5/26/2016,5/26/2016,denver
185,baseball,sport,"2001 Blake St, Denver, CO 80205","50,398",5/27/2016,5/27/2016,denver
186,baseball,sport,"2001 Blake St, Denver, CO 80205","50,398",5/28/2016,5/28/2016,denver
187,baseball,sport,"2001 Blake St, Denver, CO 80205","50,398",5/29/2016,5/29/2016,denver
188,baseball,sport,"2001 Blake St, Denver, CO 80205","50,398",5/30/2016,5/30/2016,denver
189,baseball,sport,"2001 Blake St, Denver, CO 80205","50,398",5/31/2016,5/31/2016,denver
190,baseball,sport,"2001 Blake St, Denver, CO 80205","50,398",6/1/2016,6/1/2016,denver
191,baseball,sport,"2001 Blake St, Denver, CO 80205","50,398",6/2/2016,6/2/2016,denver
192,baseball,sport,"2001 Blake St, Denver, CO 80205","50,398",6/3/2016,6/3/2016,denver
193,baseball,sport,"2001 Blake St, Denver, CO 80205","50,398",6/4/2016,6/4/2016,denver
194,baseball,sport,"2001 Blake St, Denver, CO 80205","50,398",6/5/2016,6/5/2016,denver
195,baseball,sport,"2001 Blake St, Denver, CO 80205","50,398",6/6/2016,6/6/2016,denver
196,baseball,sport,"2001 Blake St, Denver, CO 80205","50,398",6/7/2016,6/7/2016,denver
197,baseball,sport,"2001 Blake St, Denver, CO 80205","50,398",6/8/2016,6/8/2016,denver
198,Greeley Blues Jam,music,"503 N 14th Ave, Greeley, CO 80631",,6/9/2016,6/10/2016,denver
199,Taste of Fort Collins,music,"Civic Center Park, Fort Collins, Colorado",,6/9/2016,6/9/2016,denver
200,baseball,sport,"2001 Blake St, Denver, CO 80205","50,398",6/9/2016,6/9/2016,denver
201,baseball,sport,"2001 Blake St, Denver, CO 80205","50,398",6/10/2016,6/10/2016,denver
202,baseball,sport,"2001 Blake St, Denver, CO 80205","50,398",6/11/2016,6/11/2016,denver
203,baseball,sport,"2001 Blake St, Denver, CO 80205","50,398",6/12/2016,6/12/2016,denver
204,baseball,sport,"2001 Blake St, Denver, CO 80205","50,398",6/14/2016,6/14/2016,denver
205,Sonic Bloom Festival,music,"Hummingbird Ranch, Colorado",,6/15/2016,6/18/2016,denver
206,Telluride Bluegrass Festival,music,"Telluride Town Park 500 E Colorado Ave Telluride, CO",,6/15/2016,6/18/2016,denver
207,baseball,sport,"2001 Blake St, Denver, CO 80205","50,398",6/15/2016,6/15/2016,denver
208,baseball,sport,"2001 Blake St, Denver, CO 80205","50,398",6/17/2016,6/17/2016,denver
209,baseball,sport,"2001 Blake St, Denver, CO 80205","50,398",6/18/2016,6/18/2016,denver
210,baseball,sport,"2001 Blake St, Denver, CO 80205","50,398",6/19/2016,6/19/2016,denver
211,baseball,sport,"2001 Blake St, Denver, CO 80205","50,398",6/20/2016,6/20/2016,denver
212,baseball,sport,"2001 Blake St, Denver, CO 80205","50,398",6/21/2016,6/21/2016,denver
213,baseball,sport,"2001 Blake St, Denver, CO 80205","50,398",6/22/2016,6/22/2016,denver
214,baseball,sport,"2001 Blake St, Denver, CO 80205","50,398",6/23/2016,6/23/2016,denver
215,baseball,sport,"2001 Blake St, Denver, CO 80205","50,398",6/24/2016,6/24/2016,denver
216,international jazz festival ,music ,"750 Hornby St, Vancouver, BC V6Z 2H7",46000,6/24/2016,7/3/2016,vancourver
217,Westword Music Showcase,music,"1080-1098 Acoma St, Denver, CO 80206",,6/25/2016,6/25/2016,denver
218,baseball,sport,"2001 Blake St, Denver, CO 80205","50,398",6/25/2016,6/25/2016,denver
219,baseball,sport,"2001 Blake St, Denver, CO 80205","50,398",6/26/2016,6/26/2016,denver
220,baseball,sport,"2001 Blake St, Denver, CO 80205","50,398",6/27/2016,6/27/2016,denver
221,baseball,sport,"2001 Blake St, Denver, CO 80205","50,398",6/28/2016,6/28/2016,denver
222,baseball,sport,"2001 Blake St, Denver, CO 80205","50,398",6/29/2016,6/29/2016,denver
223,baseball,sport,"2001 Blake St, Denver, CO 80205","50,398",7/1/2016,7/1/2016,denver
224,baseball,sport,"2001 Blake St, Denver, CO 80205","50,398",7/2/2016,7/2/2016,denver
225,baseball,sport,"2001 Blake St, Denver, CO 80205","50,398",7/3/2016,7/3/2016,denver
226,baseball,sport,"2001 Blake St, Denver, CO 80205","50,398",7/4/2016,7/4/2016,denver
227,baseball,sport,"2001 Blake St, Denver, CO 80205","50,398",7/5/2016,7/5/2016,denver
228,baseball,sport,"2001 Blake St, Denver, CO 80205","50,398",7/6/2016,7/6/2016,denver
229,baseball,sport,"2001 Blake St, Denver, CO 80205","50,398",7/7/2016,7/7/2016,denver
230,The Ride Festival,music,"502 E Colorado Ave, Telluride, CO 81435",,7/8/2016,7/9/2016,denver
231,baseball,sport,"2001 Blake St, Denver, CO 80205","50,398",7/8/2016,7/8/2016,denver
232,baseball,sport,"2001 Blake St, Denver, CO 80205","50,398",7/9/2016,7/9/2016,denver
233,baseball,sport,"2001 Blake St, Denver, CO 80205","50,398",7/10/2016,7/10/2016,denver
234,baseball,sport,"2001 Blake St, Denver, CO 80205","50,398",7/15/2016,7/15/2016,denver
235,folk music festival,music ," 3941 Point Grey Rd, Vancouver, BC V6R 1B5",38000,7/15/2016,7/17/2016,vancourver
236,baseball,sport,"2001 Blake St, Denver, CO 80205","50,398",7/16/2016,7/16/2016,denver
237,baseball,sport,"2001 Blake St, Denver, CO 80205","50,398",7/17/2016,7/17/2016,denver
238,baseball,sport,"2001 Blake St, Denver, CO 80205","50,398",7/18/2016,7/18/2016,denver
239,baseball,sport,"2001 Blake St, Denver, CO 80205","50,398",7/19/2016,7/19/2016,denver
240,baseball,sport,"2001 Blake St, Denver, CO 80205","50,398",7/20/2016,7/20/2016,denver
241,baseball,sport,"2001 Blake St, Denver, CO 80205","50,398",7/21/2016,7/21/2016,denver
242,baseball,sport,"2001 Blake St, Denver, CO 80205","50,398",7/22/2016,7/22/2016,denver
243,baseball,sport,"2001 Blake St, Denver, CO 80205","50,398",7/23/2016,7/23/2016,denver
244,baseball,sport,"2001 Blake St, Denver, CO 80205","50,398",7/24/2016,7/24/2016,denver
245,baseball,sport,"2001 Blake St, Denver, CO 80205","50,398",7/25/2016,7/25/2016,denver
246,baseball,sport,"2001 Blake St, Denver, CO 80205","50,398",7/26/2016,7/26/2016,denver
247,The Underground Music Showcase,music,"downtown,Denver, Colorado",,7/27/2016,7/30/2016,denver
248,baseball,sport,"2001 Blake St, Denver, CO 80205","50,398",7/27/2016,7/27/2016,denver
249,baseball,sport,"2001 Blake St, Denver, CO 80205","50,398",7/28/2016,7/28/2016,denver
250,baseball,sport,"2001 Blake St, Denver, CO 80205","50,398",7/29/2016,7/29/2016,denver
251,baseball,sport,"2001 Blake St, Denver, CO 80205","50,398",7/30/2016,7/30/2016,denver
252,baseball,sport,"2001 Blake St, Denver, CO 80205","50,398",7/31/2016,7/31/2016,denver
253,baseball,sport,"2001 Blake St, Denver, CO 80205","50,398",8/2/2016,8/2/2016,denver
254,baseball,sport,"2001 Blake St, Denver, CO 80205","50,398",8/3/2016,8/3/2016,denver
255,baseball,sport,"2001 Blake St, Denver, CO 80205","50,398",8/4/2016,8/4/2016,denver
256,baseball,sport,"2001 Blake St, Denver, CO 80205","50,398",8/5/2016,8/5/2016,denver
257,baseball,sport,"2001 Blake St, Denver, CO 80205","50,398",8/6/2016,8/6/2016,denver
258,baseball,sport,"2001 Blake St, Denver, CO 80205","50,398",8/7/2016,8/7/2016,denver
259,baseball,sport,"2001 Blake St, Denver, CO 80205","50,398",8/8/2016,8/8/2016,denver
260,baseball,sport,"2001 Blake St, Denver, CO 80205","50,398",8/9/2016,8/9/2016,denver
261,baseball,sport,"2001 Blake St, Denver, CO 80205","50,398",8/10/2016,8/10/2016,denver
262,baseball,sport,"2001 Blake St, Denver, CO 80205","50,398",8/11/2016,8/11/2016,denver
263,baseball,sport,"2001 Blake St, Denver, CO 80205","50,398",8/12/2016,8/12/2016,denver
264,baseball,sport,"2001 Blake St, Denver, CO 80205","50,398",8/13/2016,8/13/2016,denver
265,baseball,sport,"2001 Blake St, Denver, CO 80205","50,398",8/14/2016,8/14/2016,denver
266,baseball,sport,"2001 Blake St, Denver, CO 80205","50,398",8/15/2016,8/15/2016,denver
267,baseball,sport,"2001 Blake St, Denver, CO 80205","50,398",8/16/2016,8/16/2016,denver
268,baseball,sport,"2001 Blake St, Denver, CO 80205","50,398",8/17/2016,8/17/2016,denver
269,baseball,sport,"2001 Blake St, Denver, CO 80205","50,398",8/19/2016,8/19/2016,denver
270,baseball,sport,"2001 Blake St, Denver, CO 80205","50,398",8/20/2016,8/20/2016,denver
271,baseball,sport,"2001 Blake St, Denver, CO 80205","50,398",8/21/2016,8/21/2016,denver
272,baseball,sport,"2001 Blake St, Denver, CO 80205","50,398",8/22/2016,8/22/2016,denver
273,baseball,sport,"2001 Blake St, Denver, CO 80205","50,398",8/23/2016,8/23/2016,denver
274,baseball,sport,"2001 Blake St, Denver, CO 80205","50,398",8/24/2016,8/24/2016,denver
275,baseball,sport,"2001 Blake St, Denver, CO 80205","50,398",8/26/2016,8/26/2016,denver
276,baseball,sport,"2001 Blake St, Denver, CO 80205","50,398",8/27/2016,8/27/2016,denver
277,FoCoMX,music,"Fort Collins, CO 80526",33000,8/28/2016,8/29/2016,denver
278,baseball,sport,"2001 Blake St, Denver, CO 80205","50,398",8/28/2016,8/28/2016,denver
279,baseball,sport,"2001 Blake St, Denver, CO 80205","50,398",8/29/2016,8/29/2016,denver
280,Jazz Aspen Snowmass,music,"112 E Hallam St # 104, Aspen, CO 81611",,9/1/2016,9/3/2016,denver
281,baseball,sport,"2001 Blake St, Denver, CO 80205","50,398",9/2/2016,9/2/2016,denver
282,baseball,sport,"2001 Blake St, Denver, CO 80205","50,398",9/3/2016,9/3/2016,denver
283,baseball,sport,"2001 Blake St, Denver, CO 80205","50,398",9/4/2016,9/4/2016,denver
284,baseball,sport,"2001 Blake St, Denver, CO 80205","50,398",9/5/2016,9/5/2016,denver
285,baseball,sport,"2001 Blake St, Denver, CO 80205","50,398",9/6/2016,9/6/2016,denver
286,baseball,sport,"2001 Blake St, Denver, CO 80205","50,398",9/7/2016,9/7/2016,denver
287,baseball,sport,"2001 Blake St, Denver, CO 80205","50,398",9/8/2016,9/8/2016,denver
288,football,sport,"1701 Bryant St, Denver, CO 80204",76125,9/8/2016,9/8/2016,denver
289,baseball,sport,"2001 Blake St, Denver, CO 80205","50,398",9/9/2016,9/9/2016,denver
290,baseball,sport,"2001 Blake St, Denver, CO 80205","50,398",9/10/2016,9/10/2016,denver
291,baseball,sport,"2001 Blake St, Denver, CO 80205","50,398",9/11/2016,9/11/2016,denver
292,baseball,sport,"2001 Blake St, Denver, CO 80205","50,398",9/12/2016,9/12/2016,denver
293,baseball,sport,"2001 Blake St, Denver, CO 80205","50,398",9/13/2016,9/13/2016,denver
294,baseball,sport,"2001 Blake St, Denver, CO 80205","50,398",9/14/2016,9/14/2016,denver
295,Rifflandia Music Festival,music ,"Victoria, British Columbia",12500,9/15/2016,9/18/2016,vancourver
296,baseball,sport,"2001 Blake St, Denver, CO 80205","50,398",9/16/2016,9/16/2016,denver
297,baseball,sport,"2001 Blake St, Denver, CO 80205","50,398",9/17/2016,9/17/2016,denver
298,baseball,sport,"2001 Blake St, Denver, CO 80205","50,398",9/18/2016,9/18/2016,denver
299,football,sport,"1702 Bryant St, Denver, CO 80204",76125,9/18/2016,9/18/2016,denver
300,baseball,sport,"2001 Blake St, Denver, CO 80205","50,398",9/19/2016,9/19/2016,denver
301,baseball,sport,"2001 Blake St, Denver, CO 80205","50,398",9/20/2016,9/20/2016,denver
302,baseball,sport,"2001 Blake St, Denver, CO 80205","50,398",9/21/2016,9/21/2016,denver
303,baseball,sport,"2001 Blake St, Denver, CO 80205","50,398",9/22/2016,9/22/2016,denver
304,baseball,sport,"2001 Blake St, Denver, CO 80205","50,398",9/23/2016,9/23/2016,denver
305,baseball,sport,"2001 Blake St, Denver, CO 80205","50,398",9/24/2016,9/24/2016,denver
306,baseball,sport,"2001 Blake St, Denver, CO 80205","50,398",9/25/2016,9/25/2016,denver
307,football,sport,"1703 Bryant St, Denver, CO 80204",76125,9/25/2016,9/25/2016,denver
308,baseball,sport,"2001 Blake St, Denver, CO 80205","50,398",9/27/2016,9/27/2016,denver
309,baseball,sport,"2001 Blake St, Denver, CO 80205","50,398",9/28/2016,9/28/2016,denver
310,baseball,sport,"2001 Blake St, Denver, CO 80205","50,398",9/29/2016,9/29/2016,denver
311,baseball,sport,"2001 Blake St, Denver, CO 80205","50,398",9/30/2016,9/30/2016,denver
312,baseball,sport,"2001 Blake St, Denver, CO 80205","50,398",10/1/2016,10/1/2016,denver
313,baseball,sport,"2001 Blake St, Denver, CO 80205","50,398",10/2/2016,10/2/2016,denver
314,football,sport,"1704 Bryant St, Denver, CO 80204",76125,10/2/2016,10/2/2016,denver
315,football,sport,"1705 Bryant St, Denver, CO 80204",76125,10/9/2016,10/9/2016,denver
316,football,sport,"1706 Bryant St, Denver, CO 80204",76125,10/13/2016,10/13/2016,denver
317,NHL,sport,"800 Griffiths Way,Vancouver, BC V6B 6G1","18,860",10/15/2016,10/15/2016,vancouver
318,NHL,sport,"800 Griffiths Way,Vancouver, BC V6B 6G1","18,860",10/16/2016,10/16/2016,vancouver
319,NHL,sport,"800 Griffiths Way,Vancouver, BC V6B 6G1","18,860",10/18/2016,10/18/2016,vancouver
320,NHL,sport,"800 Griffiths Way,Vancouver, BC V6B 6G1","18,860",10/20/2016,10/20/2016,vancouver
321,NHL,sport,"800 Griffiths Way,Vancouver, BC V6B 6G1","18,860",10/22/2016,10/22/2016,vancouver
322,NHL,sport,"800 Griffiths Way,Vancouver, BC V6B 6G1","18,860",10/23/2016,10/23/2016,vancouver
323,football,sport,"1707 Bryant St, Denver, CO 80204",76125,10/24/2016,10/24/2016,denver
324,NHL,sport,"800 Griffiths Way,Vancouver, BC V6B 6G1","18,860",10/25/2016,10/25/2016,vancouver
325,NBA,sport,"1000 Chopper Cir, Denver, CO 80204",18007,10/26/2016,10/26/2016,denver
326,NHL,sport,"800 Griffiths Way,Vancouver, BC V6B 6G1","18,860",10/28/2016,10/28/2016,vancouver
327,NBA,sport,"1000 Chopper Cir, Denver, CO 80204",18007,10/29/2016,10/29/2016,denver
328,NHL,sport,"800 Griffiths Way,Vancouver, BC V6B 6G1","18,860",10/29/2016,10/29/2016,vancouver
329,football,sport,"1708 Bryant St, Denver, CO 80204",76125,10/30/2016,10/30/2016,denver
330,NBA,sport,"1000 Chopper Cir, Denver, CO 80204",18007,10/31/2016,10/31/2016,denver
331,NHL,sport,"800 Griffiths Way,Vancouver, BC V6B 6G1","18,860",11/2/2016,11/2/2016,vancouver
332,NBA,sport,"1000 Chopper Cir, Denver, CO 80204",18007,11/3/2016,11/3/2016,denver
333,NHL,sport,"800 Griffiths Way,Vancouver, BC V6B 6G1","18,860",11/3/2016,11/3/2016,vancouver
334,NBA,sport,"1000 Chopper Cir, Denver, CO 80204",18007,11/5/2016,11/5/2016,denver
335,NHL,sport,"800 Griffiths Way,Vancouver, BC V6B 6G1","18,860",11/5/2016,11/5/2016,vancouver
336,football,sport,"1709 Bryant St, Denver, CO 80204",76125,11/6/2016,11/6/2016,denver
337,NBA,sport,"1000 Chopper Cir, Denver, CO 80204",18007,11/6/2016,11/6/2016,denver
338,NHL,sport,"800 Griffiths Way,Vancouver, BC V6B 6G1","18,860",11/7/2016,11/7/2016,vancouver
339,NBA,sport,"1000 Chopper Cir, Denver, CO 80204",18007,11/8/2016,11/8/2016,denver
340,NHL,sport,"800 Griffiths Way,Vancouver, BC V6B 6G1","18,860",11/8/2016,11/8/2016,vancouver
341,NBA,sport,"1000 Chopper Cir, Denver, CO 80204",18007,11/10/2016,11/10/2016,denver
342,NHL,sport,"800 Griffiths Way,Vancouver, BC V6B 6G1","18,860",11/10/2016,11/10/2016,vancouver
343,NBA,sport,"1000 Chopper Cir, Denver, CO 80204",18007,11/12/2016,11/12/2016,denver
344,football,sport,"1710 Bryant St, Denver, CO 80204",76125,11/13/2016,11/13/2016,denver
345,NBA,sport,"1000 Chopper Cir, Denver, CO 80204",18007,11/13/2016,11/13/2016,denver
346,NHL,sport,"800 Griffiths Way,Vancouver, BC V6B 6G1","18,860",11/13/2016,11/13/2016,vancouver
347,NHL,sport,"800 Griffiths Way,Vancouver, BC V6B 6G1","18,860",11/15/2016,11/15/2016,vancouver
348,NBA,sport,"1000 Chopper Cir, Denver, CO 80204",18007,11/16/2016,11/16/2016,denver
349,NHL,sport,"800 Griffiths Way,Vancouver, BC V6B 6G1","18,860",11/17/2016,11/17/2016,vancouver
350,NBA,sport,"1000 Chopper Cir, Denver, CO 80204",18007,11/18/2016,11/18/2016,denver
351,NHL,sport,"800 Griffiths Way,Vancouver, BC V6B 6G1","18,860",11/19/2016,11/19/2016,vancouver
352,NBA,sport,"1000 Chopper Cir, Denver, CO 80204",18007,11/20/2016,11/20/2016,denver
353,NBA,sport,"1000 Chopper Cir, Denver, CO 80204",18007,11/22/2016,11/22/2016,denver
354,NBA,sport,"1000 Chopper Cir, Denver, CO 80204",18007,11/23/2016,11/23/2016,denver
355,NHL,sport,"800 Griffiths Way,Vancouver, BC V6B 6G1","18,860",11/23/2016,11/23/2016,vancouver
356,NBA,sport,"1000 Chopper Cir, Denver, CO 80204",18007,11/25/2016,11/25/2016,denver
357,NHL,sport,"800 Griffiths Way,Vancouver, BC V6B 6G1","18,860",11/25/2016,11/25/2016,vancouver
358,NHL,sport,"800 Griffiths Way,Vancouver, BC V6B 6G1","18,860",11/26/2016,11/26/2016,vancouver
359,football,sport,"1711 Bryant St, Denver, CO 80204",76125,11/27/2016,11/27/2016,denver
360,NBA,sport,"1000 Chopper Cir, Denver, CO 80204",18007,11/27/2016,11/27/2016,denver
361,NHL,sport,"800 Griffiths Way,Vancouver, BC V6B 6G1","18,860",11/29/2016,11/29/2016,vancouver
362,NBA,sport,"1000 Chopper Cir, Denver, CO 80204",18007,11/30/2016,11/30/2016,denver
363,NHL,sport,"800 Griffiths Way,Vancouver, BC V6B 6G1","18,860",12/1/2016,12/1/2016,vancouver
364,NBA,sport,"1000 Chopper Cir, Denver, CO 80204",18007,12/2/2016,12/2/2016,denver
365,NBA,sport,"1000 Chopper Cir, Denver, CO 80204",18007,12/3/2016,12/3/2016,denver
366,NHL,sport,"800 Griffiths Way,Vancouver, BC V6B 6G1","18,860",12/3/2016,12/3/2016,vancouver
367,football,sport,"1712 Bryant St, Denver, CO 80204",76125,12/4/2016,12/4/2016,denver
368,NBA,sport,"1000 Chopper Cir, Denver, CO 80204",18007,12/5/2016,12/5/2016,denver
369,NHL,sport,"800 Griffiths Way,Vancouver, BC V6B 6G1","18,860",12/6/2016,12/6/2016,vancouver
370,NBA,sport,"1000 Chopper Cir, Denver, CO 80204",18007,12/7/2016,12/7/2016,denver
371,NBA,sport,"1000 Chopper Cir, Denver, CO 80204",18007,12/8/2016,12/8/2016,denver
372,NHL,sport,"800 Griffiths Way,Vancouver, BC V6B 6G1","18,860",12/8/2016,12/8/2016,vancouver
373,NBA,sport,"1000 Chopper Cir, Denver, CO 80204",18007,12/10/2016,12/10/2016,denver
374,NHL,sport,"800 Griffiths Way,Vancouver, BC V6B 6G1","18,860",12/10/2016,12/10/2016,vancouver
375,football,sport,"1713 Bryant St, Denver, CO 80204",76125,12/11/2016,12/11/2016,denver
376,NHL,sport,"800 Griffiths Way,Vancouver, BC V6B 6G1","18,860",12/11/2016,12/11/2016,vancouver
377,NBA,sport,"1000 Chopper Cir, Denver, CO 80204",18007,12/12/2016,12/12/2016,denver
378,NHL,sport,"800 Griffiths Way,Vancouver, BC V6B 6G1","18,860",12/13/2016,12/13/2016,vancouver
379,NBA,sport,"1000 Chopper Cir, Denver, CO 80204",18007,12/15/2016,12/15/2016,denver
380,NHL,sport,"800 Griffiths Way,Vancouver, BC V6B 6G1","18,860",12/16/2016,12/16/2016,vancouver
381,NBA,sport,"1000 Chopper Cir, Denver, CO 80204",18007,12/17/2016,12/17/2016,denver
382,football,sport,"1714 Bryant St, Denver, CO 80204",76125,12/18/2016,12/18/2016,denver
383,NHL,sport,"800 Griffiths Way,Vancouver, BC V6B 6G1","18,860",12/18/2016,12/18/2016,vancouver
384,NBA,sport,"1000 Chopper Cir, Denver, CO 80204",18007,12/19/2016,12/19/2016,denver
385,NBA,sport,"1000 Chopper Cir, Denver, CO 80204",18007,12/20/2016,12/20/2016,denver
386,NHL,sport,"800 Griffiths Way,Vancouver, BC V6B 6G1","18,860",12/20/2016,12/20/2016,vancouver
387,NHL,sport,"800 Griffiths Way,Vancouver, BC V6B 6G1","18,860",12/22/2016,12/22/2016,vancouver
388,NBA,sport,"1000 Chopper Cir, Denver, CO 80204",18007,12/23/2016,12/23/2016,denver
389,NHL,sport,"800 Griffiths Way,Vancouver, BC V6B 6G1","18,860",12/23/2016,12/23/2016,vancouver
390,football,sport,"1715 Bryant St, Denver, CO 80204",76125,12/25/2016,12/25/2016,denver
391,NBA,sport,"1000 Chopper Cir, Denver, CO 80204",18007,12/26/2016,12/26/2016,denver
392,NBA,sport,"1000 Chopper Cir, Denver, CO 80204",18007,12/28/2016,12/28/2016,denver
393,NHL,sport,"800 Griffiths Way,Vancouver, BC V6B 6G1","18,860",12/28/2016,12/28/2016,vancouver
394,NBA,sport,"1000 Chopper Cir, Denver, CO 80204",18007,12/30/2016,12/30/2016,denver
395,NHL,sport,"800 Griffiths Way,Vancouver, BC V6B 6G1","18,860",12/30/2016,12/30/2016,vancouver
396,NHL,sport,"800 Griffiths Way,Vancouver, BC V6B 6G1","18,860",12/31/2016,12/31/2016,vancouver
397,football,sport,"1716 Bryant St, Denver, CO 80204",76125,1/1/2017,1/1/2017,denver
398,NBA,sport,"1000 Chopper Cir, Denver, CO 80204",18007,1/2/2017,1/2/2017,denver
399,NHL,sport,"800 Griffiths Way,Vancouver, BC V6B 6G1","18,860",1/2/2017,1/2/2017,vancouver
400,NHL,sport,"800 Griffiths Way,Vancouver, BC V6B 6G1","18,860",1/2/2017,1/2/2017,vancouver
401,NBA,sport,"1000 Chopper Cir, Denver, CO 80204",18007,1/3/2017,1/3/2017,denver
402,NHL,sport,"800 Griffiths Way,Vancouver, BC V6B 6G1","18,860",1/4/2017,1/4/2017,vancouver
403,NBA,sport,"1000 Chopper Cir, Denver, CO 80204",18007,1/5/2017,1/5/2017,denver
404,NHL,sport,"800 Griffiths Way,Vancouver, BC V6B 6G1","18,860",1/6/2017,1/6/2017,vancouver
405,NHL,sport,"800 Griffiths Way,Vancouver, BC V6B 6G1","18,860",1/6/2017,1/6/2017,vancouver
406,NBA,sport,"1000 Chopper Cir, Denver, CO 80204",18007,1/7/2017,1/7/2017,denver
407,NHL,sport,"800 Griffiths Way,Vancouver, BC V6B 6G1","18,860",1/7/2017,1/7/2017,vancouver
408,NHL,sport,"800 Griffiths Way,Vancouver, BC V6B 6G1","18,860",1/10/2017,1/10/2017,vancouver
409,NBA,sport,"1000 Chopper Cir, Denver, CO 80204",18007,1/12/2017,1/12/2017,denver
410,NHL,sport,"800 Griffiths Way,Vancouver, BC V6B 6G1","18,860",1/12/2017,1/12/2017,vancouver
411,NHL,sport,"800 Griffiths Way,Vancouver, BC V6B 6G1","18,860",1/15/2017,1/15/2017,vancouver
412,NBA,sport,"1000 Chopper Cir, Denver, CO 80204",18007,1/16/2017,1/16/2017,denver
413,NBA,sport,"1000 Chopper Cir, Denver, CO 80204",18007,1/17/2017,1/17/2017,denver
414,NHL,sport,"800 Griffiths Way,Vancouver, BC V6B 6G1","18,860",1/17/2017,1/17/2017,vancouver
415,NBA,sport,"1000 Chopper Cir, Denver, CO 80204",18007,1/19/2017,1/19/2017,denver
416,NHL,sport,"800 Griffiths Way,Vancouver, BC V6B 6G1","18,860",1/20/2017,1/20/2017,vancouver
417,NBA,sport,"1000 Chopper Cir, Denver, CO 80204",18007,1/21/2017,1/21/2017,denver
418,NBA,sport,"1000 Chopper Cir, Denver, CO 80204",18007,1/22/2017,1/22/2017,denver
419,NHL,sport,"800 Griffiths Way,Vancouver, BC V6B 6G1","18,860",1/22/2017,1/22/2017,vancouver
420,NBA,sport,"1000 Chopper Cir, Denver, CO 80204",18007,1/24/2017,1/24/2017,denver
421,NHL,sport,"800 Griffiths Way,Vancouver, BC V6B 6G1","18,860",1/25/2017,1/25/2017,vancouver
422,NBA,sport,"1000 Chopper Cir, Denver, CO 80204",18007,1/26/2017,1/26/2017,denver
423,NHL,sport,"800 Griffiths Way,Vancouver, BC V6B 6G1","18,860",1/26/2017,1/26/2017,vancouver
424,NBA,sport,"1000 Chopper Cir, Denver, CO 80204",18007,1/28/2017,1/28/2017,denver
425,NBA,sport,"1000 Chopper Cir, Denver, CO 80204",18007,1/31/2017,1/31/2017,denver
426,NBA,sport,"1000 Chopper Cir, Denver, CO 80204",18007,2/1/2017,2/1/2017,denver
427,NHL,sport,"800 Griffiths Way,Vancouver, BC V6B 6G1","18,860",2/2/2017,2/2/2017,vancouver
428,NBA,sport,"1000 Chopper Cir, Denver, CO 80204",18007,2/3/2017,2/3/2017,denver
429,NBA,sport,"1000 Chopper Cir, Denver, CO 80204",18007,2/4/2017,2/4/2017,denver
430,NHL,sport,"800 Griffiths Way,Vancouver, BC V6B 6G1","18,860",2/4/2017,2/4/2017,vancouver
431,NBA,sport,"1000 Chopper Cir, Denver, CO 80204",18007,2/6/2017,2/6/2017,denver
432,NHL,sport,"800 Griffiths Way,Vancouver, BC V6B 6G1","18,860",2/7/2017,2/7/2017,vancouver
433,NBA,sport,"1000 Chopper Cir, Denver, CO 80204",18007,2/8/2017,2/8/2017,denver
434,NHL,sport,"800 Griffiths Way,Vancouver, BC V6B 6G1","18,860",2/9/2017,2/9/2017,vancouver
435,NBA,sport,"1000 Chopper Cir, Denver, CO 80204",18007,2/10/2017,2/10/2017,denver
436,NBA,sport,"1000 Chopper Cir, Denver, CO 80204",18007,2/11/2017,2/11/2017,denver
437,NHL,sport,"800 Griffiths Way,Vancouver, BC V6B 6G1","18,860",2/11/2017,2/11/2017,vancouver
438,NHL,sport,"800 Griffiths Way,Vancouver, BC V6B 6G1","18,860",2/12/2017,2/12/2017,vancouver
439,NBA,sport,"1000 Chopper Cir, Denver, CO 80204",18007,2/13/2017,2/13/2017,denver
440,NHL,sport,"800 Griffiths Way,Vancouver, BC V6B 6G1","18,860",2/14/2017,2/14/2017,vancouver
441,NBA,sport,"1000 Chopper Cir, Denver, CO 80204",18007,2/15/2017,2/15/2017,denver
442,NHL,sport,"800 Griffiths Way,Vancouver, BC V6B 6G1","18,860",2/16/2017,2/16/2017,vancouver
443,NHL,sport,"800 Griffiths Way,Vancouver, BC V6B 6G1","18,860",2/18/2017,2/18/2017,vancouver
444,NHL,sport,"800 Griffiths Way,Vancouver, BC V6B 6G1","18,860",2/19/2017,2/19/2017,vancouver
445,NBA,sport,"1000 Chopper Cir, Denver, CO 80204",18007,2/23/2017,2/23/2017,denver
446,NBA,sport,"1000 Chopper Cir, Denver, CO 80204",18007,2/24/2017,2/24/2017,denver
447,NHL,sport,"800 Griffiths Way,Vancouver, BC V6B 6G1","18,860",2/25/2017,2/25/2017,vancouver
448,NBA,sport,"1000 Chopper Cir, Denver, CO 80204",18007,2/26/2017,2/26/2017,denver
449,NBA,sport,"1000 Chopper Cir, Denver, CO 80204",18007,2/28/2017,2/28/2017,denver
450,NHL,sport,"800 Griffiths Way,Vancouver, BC V6B 6G1","18,860",2/28/2017,2/28/2017,vancouver
451,NBA,sport,"1000 Chopper Cir, Denver, CO 80204",18007,3/1/2017,3/1/2017,denver
452,NHL,sport,"800 Griffiths Way,Vancouver, BC V6B 6G1","18,860",3/2/2017,3/2/2017,vancouver
453,NBA,sport,"1000 Chopper Cir, Denver, CO 80204",18007,3/4/2017,3/4/2017,denver
454,NHL,sport,"800 Griffiths Way,Vancouver, BC V6B 6G1","18,860",3/4/2017,3/4/2017,vancouver
455,NHL,sport,"800 Griffiths Way,Vancouver, BC V6B 6G1","18,860",3/5/2017,3/5/2017,vancouver
456,NBA,sport,"1000 Chopper Cir, Denver, CO 80204",18007,3/6/2017,3/6/2017,denver
457,NHL,sport,"800 Griffiths Way,Vancouver, BC V6B 6G1","18,860",3/7/2017,3/7/2017,vancouver
458,NBA,sport,"1000 Chopper Cir, Denver, CO 80204",18007,3/8/2017,3/8/2017,denver
459,NHL,sport,"800 Griffiths Way,Vancouver, BC V6B 6G1","18,860",3/9/2017,3/9/2017,vancouver
460,NBA,sport,"1000 Chopper Cir, Denver, CO 80204",18007,3/10/2017,3/10/2017,denver
461,NBA,sport,"1000 Chopper Cir, Denver, CO 80204",18007,3/11/2017,3/11/2017,denver
462,NHL,sport,"800 Griffiths Way,Vancouver, BC V6B 6G1","18,860",3/11/2017,3/11/2017,vancouver
463,NBA,sport,"1000 Chopper Cir, Denver, CO 80204",18007,3/13/2017,3/13/2017,denver
464,NHL,sport,"800 Griffiths Way,Vancouver, BC V6B 6G1","18,860",3/13/2017,3/13/2017,vancouver
465,NBA,sport,"1000 Chopper Cir, Denver, CO 80204",18007,3/16/2017,3/16/2017,denver
466,NHL,sport,"800 Griffiths Way,Vancouver, BC V6B 6G1","18,860",3/16/2017,3/16/2017,vancouver
467,NBA,sport,"1000 Chopper Cir, Denver, CO 80204",18007,3/18/2017,3/18/2017,denver
468,NHL,sport,"800 Griffiths Way,Vancouver, BC V6B 6G1","18,860",3/18/2017,3/18/2017,vancouver
469,NBA,sport,"1000 Chopper Cir, Denver, CO 80204",18007,3/20/2017,3/20/2017,denver
470,NHL,sport,"800 Griffiths Way,Vancouver, BC V6B 6G1","18,860",3/21/2017,3/21/2017,vancouver
471,NBA,sport,"1000 Chopper Cir, Denver, CO 80204",18007,3/22/2017,3/22/2017,denver
472,NHL,sport,"800 Griffiths Way,Vancouver, BC V6B 6G1","18,860",3/23/2017,3/23/2017,vancouver
473,NBA,sport,"1000 Chopper Cir, Denver, CO 80204",18007,3/24/2017,3/24/2017,denver
474,NHL,sport,"800 Griffiths Way,Vancouver, BC V6B 6G1","18,860",3/25/2017,3/25/2017,vancouver
475,NBA,sport,"1000 Chopper Cir, Denver, CO 80204",18007,3/26/2017,3/26/2017,denver
476,NHL,sport,"800 Griffiths Way,Vancouver, BC V6B 6G1","18,860",3/26/2017,3/26/2017,vancouver
477,NBA,sport,"1000 Chopper Cir, Denver, CO 80204",18007,3/28/2017,3/28/2017,denver
478,NHL,sport,"800 Griffiths Way,Vancouver, BC V6B 6G1","18,860",3/28/2017,3/28/2017,vancouver
479,NBA,sport,"1000 Chopper Cir, Denver, CO 80204",18007,3/31/2017,3/31/2017,denver
480,NHL,sport,"800 Griffiths Way,Vancouver, BC V6B 6G1","18,860",3/31/2017,3/31/2017,vancouver
481,NBA,sport,"1000 Chopper Cir, Denver, CO 80204",18007,4/2/2017,4/2/2017,denver
482,NHL,sport,"800 Griffiths Way,Vancouver, BC V6B 6G1","18,860",4/2/2017,4/2/2017,vancouver
483,baseball,sport,"2001 Blake St, Denver, CO 80205","50,398",4/4/2017,4/4/2017,denver
484,NBA,sport,"1000 Chopper Cir, Denver, CO 80204",18007,4/4/2017,4/4/2017,denver
485,NHL,sport,"800 Griffiths Way,Vancouver, BC V6B 6G1","18,860",4/4/2017,4/4/2017,vancouver
486,baseball,sport,"2001 Blake St, Denver, CO 80205","50,398",4/5/2017,4/5/2017,denver
487,NBA,sport,"1000 Chopper Cir, Denver, CO 80204",18007,4/5/2017,4/5/2017,denver
488,baseball,sport,"2001 Blake St, Denver, CO 80205","50,398",4/6/2017,4/6/2017,denver
489,NHL,sport,"800 Griffiths Way,Vancouver, BC V6B 6G1","18,860",4/6/2017,4/6/2017,vancouver
490,baseball,sport,"2001 Blake St, Denver, CO 80205","50,398",4/7/2017,4/7/2017,denver
491,NBA,sport,"1000 Chopper Cir, Denver, CO 80204",18007,4/7/2017,4/7/2017,denver
492,baseball,sport,"2001 Blake St, Denver, CO 80205","50,398",4/8/2017,4/8/2017,denver
493,NHL,sport,"800 Griffiths Way,Vancouver, BC V6B 6G1","18,860",4/8/2017,4/8/2017,vancouver
494,baseball,sport,"2001 Blake St, Denver, CO 80205","50,398",4/9/2017,4/9/2017,denver
495,NBA,sport,"1000 Chopper Cir, Denver, CO 80204",18007,4/9/2017,4/9/2017,denver
496,NHL,sport,"800 Griffiths Way,Vancouver, BC V6B 6G1","18,860",4/9/2017,4/9/2017,vancouver
497,baseball,sport,"2001 Blake St, Denver, CO 80205","50,398",4/10/2017,4/10/2017,denver
498,baseball,sport,"2001 Blake St, Denver, CO 80205","50,398",4/11/2017,4/11/2017,denver
499,NBA,sport,"1000 Chopper Cir, Denver, CO 80204",18007,4/11/2017,4/11/2017,denver
500,baseball,sport,"2001 Blake St, Denver, CO 80205","50,398",4/12/2017,4/12/2017,denver
501,NBA,sport,"1000 Chopper Cir, Denver, CO 80204",18007,4/12/2017,4/12/2017,denver
502,baseball,sport,"2001 Blake St, Denver, CO 80205","50,398",4/13/2017,4/13/2017,denver
503,baseball,sport,"2001 Blake St, Denver, CO 80205","50,398",4/14/2017,4/14/2017,denver
504,baseball,sport,"2001 Blake St, Denver, CO 80205","50,398",4/15/2017,4/15/2017,denver
505,baseball,sport,"2001 Blake St, Denver, CO 80205","50,398",4/16/2017,4/16/2017,denver
506,baseball,sport,"2001 Blake St, Denver, CO 80205","50,398",4/18/2017,4/18/2017,denver
507,baseball,sport,"2001 Blake St, Denver, CO 80205","50,398",4/19/2017,4/19/2017,denver
508,baseball,sport,"2001 Blake St, Denver, CO 80205","50,398",4/21/2017,4/21/2017,denver
509,baseball,sport,"2001 Blake St, Denver, CO 80205","50,398",4/22/2017,4/22/2017,denver
510,baseball,sport,"2001 Blake St, Denver, CO 80205","50,398",4/23/2017,4/23/2017,denver
511,baseball,sport,"2001 Blake St, Denver, CO 80205","50,398",4/24/2017,4/24/2017,denver
512,baseball,sport,"2001 Blake St, Denver, CO 80205","50,398",4/25/2017,4/25/2017,denver
513,baseball,sport,"2001 Blake St, Denver, CO 80205","50,398",4/26/2017,4/26/2017,denver
514,baseball,sport,"2001 Blake St, Denver, CO 80205","50,398",4/27/2017,4/27/2017,denver
515,baseball,sport,"2001 Blake St, Denver, CO 80205","50,398",4/28/2017,4/28/2017,denver
516,baseball,sport,"2001 Blake St, Denver, CO 80205","50,398",4/29/2017,4/29/2017,denver
517,baseball,sport,"2001 Blake St, Denver, CO 80205","50,398",4/30/2017,4/30/2017,denver
518,baseball,sport,"2001 Blake St, Denver, CO 80205","50,398",5/2/2017,5/2/2017,denver
519,baseball,sport,"2001 Blake St, Denver, CO 80205","50,398",5/3/2017,5/3/2017,denver
520,baseball,sport,"2001 Blake St, Denver, CO 80205","50,398",5/4/2017,5/4/2017,denver
521,Spread The Word Music Festival,music,"4600 Humboldt St, Denver, CO 80216",10500,5/5/2017,5/8/2017,denver
522,baseball,sport,"2001 Blake St, Denver, CO 80205","50,398",5/5/2017,5/5/2017,denver
523,baseball,sport,"2001 Blake St, Denver, CO 80205","50,398",5/6/2017,5/6/2017,denver
524,baseball,sport,"2001 Blake St, Denver, CO 80205","50,398",5/7/2017,5/7/2017,denver
525,baseball,sport,"2001 Blake St, Denver, CO 80205","50,398",5/10/2017,5/10/2017,denver
526,baseball,sport,"2001 Blake St, Denver, CO 80205","50,398",5/11/2017,5/11/2017,denver
527,baseball,sport,"2001 Blake St, Denver, CO 80205","50,398",5/12/2017,5/12/2017,denver
528,baseball,sport,"2001 Blake St, Denver, CO 80205","50,398",5/13/2017,5/13/2017,denver
529,baseball,sport,"2001 Blake St, Denver, CO 80205","50,398",5/14/2017,5/14/2017,denver
530,baseball,sport,"2001 Blake St, Denver, CO 80205","50,398",5/16/2017,5/16/2017,denver
531,baseball,sport,"2001 Blake St, Denver, CO 80205","50,398",5/19/2017,5/19/2017,denver
532,baseball,sport,"2001 Blake St, Denver, CO 80205","50,398",5/20/2017,5/20/2017,denver
533,baseball,sport,"2001 Blake St, Denver, CO 80205","50,398",5/21/2017,5/21/2017,denver
534,baseball,sport,"2001 Blake St, Denver, CO 80205","50,398",5/22/2017,5/22/2017,denver
535,baseball,sport,"2001 Blake St, Denver, CO 80205","50,398",5/23/2017,5/23/2017,denver
536,baseball,sport,"2001 Blake St, Denver, CO 80205","50,398",5/24/2017,5/24/2017,denver
537,baseball,sport,"2001 Blake St, Denver, CO 80205","50,398",5/25/2017,5/25/2017,denver
538,baseball,sport,"2001 Blake St, Denver, CO 80205","50,398",5/26/2017,5/26/2017,denver
539,baseball,sport,"2001 Blake St, Denver, CO 80205","50,398",5/27/2017,5/27/2017,denver
540,baseball,sport,"2001 Blake St, Denver, CO 80205","50,398",5/28/2017,5/28/2017,denver
541,baseball,sport,"2001 Blake St, Denver, CO 80205","50,398",5/29/2017,5/29/2017,denver
542,baseball,sport,"2001 Blake St, Denver, CO 80205","50,398",5/30/2017,5/30/2017,denver
543,baseball,sport,"2001 Blake St, Denver, CO 80205","50,398",5/31/2017,5/31/2017,denver
544,baseball,sport,"2001 Blake St, Denver, CO 80205","50,398",6/1/2017,6/1/2017,denver
545,baseball,sport,"2001 Blake St, Denver, CO 80205","50,398",6/2/2017,6/2/2017,denver
546,baseball,sport,"2001 Blake St, Denver, CO 80205","50,398",6/3/2017,6/3/2017,denver
547,baseball,sport,"2001 Blake St, Denver, CO 80205","50,398",6/4/2017,6/4/2017,denver
548,baseball,sport,"2001 Blake St, Denver, CO 80205","50,398",6/6/2017,6/6/2017,denver
549,baseball,sport,"2001 Blake St, Denver, CO 80205","50,398",6/7/2017,6/7/2017,denver
550,baseball,sport,"2001 Blake St, Denver, CO 80205","50,398",6/8/2017,6/8/2017,denver
551,Greeley Blues Jam,music,"501 N 14th Ave, Greeley, CO 80631",,6/9/2017,6/10/2017,denver
552,Taste of Fort Collins,music,"Civic Center Park, Fort Collins, Colorado",,6/9/2017,6/9/2017,denver
553,baseball,sport,"2001 Blake St, Denver, CO 80205","50,398",6/9/2017,6/9/2017,denver
554,baseball,sport,"2001 Blake St, Denver, CO 80205","50,398",6/10/2017,6/10/2017,denver
555,baseball,sport,"2001 Blake St, Denver, CO 80205","50,398",6/11/2017,6/11/2017,denver
556,baseball,sport,"2001 Blake St, Denver, CO 80205","50,398",6/12/2017,6/12/2017,denver
557,baseball,sport,"2001 Blake St, Denver, CO 80205","50,398",6/13/2017,6/13/2017,denver
558,baseball,sport,"2001 Blake St, Denver, CO 80205","50,398",6/14/2017,6/14/2017,denver
559,Sonic Bloom Festival,music,"Hummingbird Ranch, Colorado",,6/15/2017,6/18/2017,denver
560,Telluride Bluegrass Festival,music,"Telluride Town Park 500 E Colorado Ave Telluride, CO",,6/15/2017,6/18/2017,denver
561,baseball,sport,"2001 Blake St, Denver, CO 80205","50,398",6/15/2017,6/15/2017,denver
562,baseball,sport,"2001 Blake St, Denver, CO 80205","50,398",6/16/2017,6/16/2017,denver
563,baseball,sport,"2001 Blake St, Denver, CO 80205","50,398",6/17/2017,6/17/2017,denver
564,baseball,sport,"2001 Blake St, Denver, CO 80205","50,398",6/18/2017,6/18/2017,denver
565,baseball,sport,"2001 Blake St, Denver, CO 80205","50,398",6/20/2017,6/20/2017,denver
566,baseball,sport,"2001 Blake St, Denver, CO 80205","50,398",6/21/2017,6/21/2017,denver
567,baseball,sport,"2001 Blake St, Denver, CO 80205","50,398",6/22/2017,6/22/2017,denver
568,baseball,sport,"2001 Blake St, Denver, CO 80205","50,398",6/23/2017,6/23/2017,denver
569,baseball,sport,"2001 Blake St, Denver, CO 80205","50,398",6/24/2017,6/24/2017,denver
570,Westword Music Showcase,music,"1080-1098 Acoma St, Denver, CO 80204",,6/25/2017,6/25/2017,denver
571,baseball,sport,"2001 Blake St, Denver, CO 80205","50,398",6/25/2017,6/25/2017,denver
572,baseball,sport,"2001 Blake St, Denver, CO 80205","50,398",6/26/2017,6/26/2017,denver
573,baseball,sport,"2001 Blake St, Denver, CO 80205","50,398",6/27/2017,6/27/2017,denver
574,baseball,sport,"2001 Blake St, Denver, CO 80205","50,398",6/28/2017,6/28/2017,denver
575,baseball,sport,"2001 Blake St, Denver, CO 80205","50,398",6/30/2017,6/30/2017,denver
576,baseball,sport,"2001 Blake St, Denver, CO 80205","50,398",7/1/2017,7/1/2017,denver
577,baseball,sport,"2001 Blake St, Denver, CO 80205","50,398",7/2/2017,7/2/2017,denver
578,baseball,sport,"2001 Blake St, Denver, CO 80205","50,398",7/3/2017,7/3/2017,denver
579,baseball,sport,"2001 Blake St, Denver, CO 80205","50,398",7/4/2017,7/4/2017,denver
580,baseball,sport,"2001 Blake St, Denver, CO 80205","50,398",7/5/2017,7/5/2017,denver
581,baseball,sport,"2001 Blake St, Denver, CO 80205","50,398",7/6/2017,7/6/2017,denver
582,baseball,sport,"2001 Blake St, Denver, CO 80205","50,398",7/7/2017,7/7/2017,denver
583,The Ride Festival,music,"500 E Colorado Ave, Telluride, CO 81435",,7/8/2017,7/9/2017,denver
584,baseball,sport,"2001 Blake St, Denver, CO 80205","50,398",7/8/2017,7/8/2017,denver
585,baseball,sport,"2001 Blake St, Denver, CO 80205","50,398",7/9/2017,7/9/2017,denver
586,baseball,sport,"2001 Blake St, Denver, CO 80205","50,398",7/14/2017,7/14/2017,denver
587,baseball,sport,"2001 Blake St, Denver, CO 80205","50,398",7/15/2017,7/15/2017,denver
588,baseball,sport,"2001 Blake St, Denver, CO 80205","50,398",7/16/2017,7/16/2017,denver
589,baseball,sport,"2001 Blake St, Denver, CO 80205","50,398",7/17/2017,7/17/2017,denver
590,baseball,sport,"2001 Blake St, Denver, CO 80205","50,398",7/18/2017,7/18/2017,denver
591,baseball,sport,"2001 Blake St, Denver, CO 80205","50,398",7/19/2017,7/19/2017,denver
592,baseball,sport,"2001 Blake St, Denver, CO 80205","50,398",7/21/2017,7/21/2017,denver
593,baseball,sport,"2001 Blake St, Denver, CO 80205","50,398",7/22/2017,7/22/2017,denver
594,baseball,sport,"2001 Blake St, Denver, CO 80205","50,398",7/23/2017,7/23/2017,denver
595,baseball,sport,"2001 Blake St, Denver, CO 80205","50,398",7/24/2017,7/24/2017,denver
596,baseball,sport,"2001 Blake St, Denver, CO 80205","50,398",7/25/2017,7/25/2017,denver
597,baseball,sport,"2001 Blake St, Denver, CO 80205","50,398",7/26/2017,7/26/2017,denver
598,The Underground Music Showcase,music,"downtown,Denver, Colorado",,7/27/2017,7/30/2017,denver
599,baseball,sport,"2001 Blake St, Denver, CO 80205","50,398",7/29/2017,7/29/2017,denver
600,baseball,sport,"2001 Blake St, Denver, CO 80205","50,398",8/1/2017,8/1/2017,denver
601,baseball,sport,"2001 Blake St, Denver, CO 80205","50,398",8/2/2017,8/2/2017,denver
602,baseball,sport,"2001 Blake St, Denver, CO 80205","50,398",8/3/2017,8/3/2017,denver
603,baseball,sport,"2001 Blake St, Denver, CO 80205","50,398",8/4/2017,8/4/2017,denver
604,baseball,sport,"2001 Blake St, Denver, CO 80205","50,398",8/5/2017,8/5/2017,denver
605,baseball,sport,"2001 Blake St, Denver, CO 80205","50,398",8/6/2017,8/6/2017,denver
606,baseball,sport,"2001 Blake St, Denver, CO 80205","50,398",8/8/2017,8/8/2017,denver
607,baseball,sport,"2001 Blake St, Denver, CO 80205","50,398",8/9/2017,8/9/2017,denver
608,baseball,sport,"2001 Blake St, Denver, CO 80205","50,398",8/11/2017,8/11/2017,denver
609,baseball,sport,"2001 Blake St, Denver, CO 80205","50,398",8/12/2017,8/12/2017,denver
610,baseball,sport,"2001 Blake St, Denver, CO 80205","50,398",8/13/2017,8/13/2017,denver
611,baseball,sport,"2001 Blake St, Denver, CO 80205","50,398",8/14/2017,8/14/2017,denver
612,baseball,sport,"2001 Blake St, Denver, CO 80205","50,398",8/15/2017,8/15/2017,denver
613,baseball,sport,"2001 Blake St, Denver, CO 80205","50,398",8/16/2017,8/16/2017,denver
614,baseball,sport,"2001 Blake St, Denver, CO 80205","50,398",8/17/2017,8/17/2017,denver
615,baseball,sport,"2001 Blake St, Denver, CO 80205","50,398",8/18/2017,8/18/2017,denver
616,baseball,sport,"2001 Blake St, Denver, CO 80205","50,398",8/19/2017,8/19/2017,denver
617,baseball,sport,"2001 Blake St, Denver, CO 80205","50,398",8/20/2017,8/20/2017,denver
618,baseball,sport,"2001 Blake St, Denver, CO 80205","50,398",8/22/2017,8/22/2017,denver
619,baseball,sport,"2001 Blake St, Denver, CO 80205","50,398",8/23/2017,8/23/2017,denver
620,baseball,sport,"2001 Blake St, Denver, CO 80205","50,398",8/24/2017,8/24/2017,denver
621,baseball,sport,"2001 Blake St, Denver, CO 80205","50,398",8/25/2017,8/25/2017,denver
622,baseball,sport,"2001 Blake St, Denver, CO 80205","50,398",8/26/2017,8/26/2017,denver
623,baseball,sport,"2001 Blake St, Denver, CO 80205","50,398",8/27/2017,8/27/2017,denver
624,FoCoMX,music,"Fort Collins, CO 80524",3000,8/28/2017,8/29/2017,denver
625,baseball,sport,"2001 Blake St, Denver, CO 80205","50,398",8/28/2017,8/28/2017,denver
626,baseball,sport,"2001 Blake St, Denver, CO 80205","50,398",8/29/2017,8/29/2017,denver
627,baseball,sport,"2001 Blake St, Denver, CO 80205","50,398",8/30/2017,8/30/2017,denver
628,Jazz Aspen Snowmass,music,"110 E Hallam St # 104, Aspen, CO 81611",,9/1/2017,9/3/2017,denver
629,baseball,sport,"2001 Blake St, Denver, CO 80205","50,398",9/1/2017,9/1/2017,denver
630,baseball,sport,"2001 Blake St, Denver, CO 80205","50,398",9/2/2017,9/2/2017,denver
631,baseball,sport,"2001 Blake St, Denver, CO 80205","50,398",9/3/2017,9/3/2017,denver
632,baseball,sport,"2001 Blake St, Denver, CO 80205","50,398",9/4/2017,9/4/2017,denver
633,baseball,sport,"2001 Blake St, Denver, CO 80205","50,398",9/5/2017,9/5/2017,denver
634,baseball,sport,"2001 Blake St, Denver, CO 80205","50,398",9/6/2017,9/6/2017,denver
635,baseball,sport,"2001 Blake St, Denver, CO 80205","50,398",9/7/2017,9/7/2017,denver
636,baseball,sport,"2001 Blake St, Denver, CO 80205","50,398",9/8/2017,9/8/2017,denver
637,baseball,sport,"2001 Blake St, Denver, CO 80205","50,398",9/9/2017,9/9/2017,denver
638,baseball,sport,"2001 Blake St, Denver, CO 80205","50,398",9/10/2017,9/10/2017,denver
639,baseball,sport,"2001 Blake St, Denver, CO 80205","50,398",9/11/2017,9/11/2017,denver
640,football,sport,"1717 Bryant St, Denver, CO 80204",76125,9/11/2017,9/11/2017,denver
641,baseball,sport,"2001 Blake St, Denver, CO 80205","50,398",9/12/2017,9/12/2017,denver
642,baseball,sport,"2001 Blake St, Denver, CO 80205","50,398",9/13/2017,9/13/2017,denver
643,baseball,sport,"2001 Blake St, Denver, CO 80205","50,398",9/14/2017,9/14/2017,denver
644,baseball,sport,"2001 Blake St, Denver, CO 80205","50,398",9/15/2017,9/15/2017,denver
645,baseball,sport,"2001 Blake St, Denver, CO 80205","50,398",9/16/2017,9/16/2017,denver
646,baseball,sport,"2001 Blake St, Denver, CO 80205","50,398",9/17/2017,9/17/2017,denver
647,football,sport,"1718 Bryant St, Denver, CO 80204",76125,9/17/2017,9/17/2017,denver
648,baseball,sport,"2001 Blake St, Denver, CO 80205","50,398",9/19/2017,9/19/2017,denver
649,baseball,sport,"2001 Blake St, Denver, CO 80205","50,398",9/20/2017,9/20/2017,denver
650,baseball,sport,"2001 Blake St, Denver, CO 80205","50,398",9/21/2017,9/21/2017,denver
651,baseball,sport,"2001 Blake St, Denver, CO 80205","50,398",9/22/2017,9/22/2017,denver
652,baseball,sport,"2001 Blake St, Denver, CO 80205","50,398",9/23/2017,9/23/2017,denver
653,baseball,sport,"2001 Blake St, Denver, CO 80205","50,398",9/24/2017,9/24/2017,denver
654,football,sport,"1719 Bryant St, Denver, CO 80204",76125,9/24/2017,9/24/2017,denver
655,baseball,sport,"2001 Blake St, Denver, CO 80205","50,398",9/25/2017,9/25/2017,denver
656,baseball,sport,"2001 Blake St, Denver, CO 80205","50,398",9/26/2017,9/26/2017,denver
657,baseball,sport,"2001 Blake St, Denver, CO 80205","50,398",9/27/2017,9/27/2017,denver
658,baseball,sport,"2001 Blake St, Denver, CO 80205","50,398",9/29/2017,9/29/2017,denver
659,baseball,sport,"2001 Blake St, Denver, CO 80205","50,398",9/30/2017,9/30/2017,denver
660,baseball,sport,"2001 Blake St, Denver, CO 80205","50,398",10/1/2017,10/1/2017,denver
661,football,sport,"1720 Bryant St, Denver, CO 80204",76125,10/1/2017,10/1/2017,denver
662,NHL,sport,"800 Griffiths Way,Vancouver, BC V6B 6G1","18,860",10/7/2017,10/7/2017,vancouver
663,NHL,sport,"800 Griffiths Way,Vancouver, BC V6B 6G1","18,860",10/10/2017,10/10/2017,vancouver
664,NHL,sport,"800 Griffiths Way,Vancouver, BC V6B 6G1","18,860",10/12/2017,10/12/2017,vancouver
665,NHL,sport,"800 Griffiths Way,Vancouver, BC V6B 6G1","18,860",10/14/2017,10/14/2017,vancouver
666,football,sport,"1721 Bryant St, Denver, CO 80204",76125,10/15/2017,10/15/2017,denver
667,NHL,sport,"800 Griffiths Way,Vancouver, BC V6B 6G1","18,860",10/17/2017,10/17/2017,vancouver
668,NBA,sport,"1000 Chopper Cir, Denver, CO 80204",18007,10/18/2017,10/18/2017,denver
669,NHL,sport,"800 Griffiths Way,Vancouver, BC V6B 6G1","18,860",10/19/2017,10/19/2017,vancouver
670,NHL,sport,"800 Griffiths Way,Vancouver, BC V6B 6G1","18,860",10/20/2017,10/20/2017,vancouver
671,NBA,sport,"1000 Chopper Cir, Denver, CO 80204",18007,10/21/2017,10/21/2017,denver
672,football,sport,"1722 Bryant St, Denver, CO 80204",76125,10/22/2017,10/22/2017,denver
673,NHL,sport,"800 Griffiths Way,Vancouver, BC V6B 6G1","18,860",10/22/2017,10/22/2017,vancouver
674,NBA,sport,"1000 Chopper Cir, Denver, CO 80204",18007,10/23/2017,10/23/2017,denver
675,NHL,sport,"800 Griffiths Way,Vancouver, BC V6B 6G1","18,860",10/24/2017,10/24/2017,vancouver
676,NBA,sport,"1000 Chopper Cir, Denver, CO 80204",18007,10/25/2017,10/25/2017,denver
677,NHL,sport,"800 Griffiths Way,Vancouver, BC V6B 6G1","18,860",10/26/2017,10/26/2017,vancouver
678,NBA,sport,"1000 Chopper Cir, Denver, CO 80204",18007,10/27/2017,10/27/2017,denver
679,NBA,sport,"1000 Chopper Cir, Denver, CO 80204",18007,10/29/2017,10/29/2017,denver
680,football,sport,"1723 Bryant St, Denver, CO 80204",76125,10/30/2017,10/30/2017,denver
681,NBA,sport,"1000 Chopper Cir, Denver, CO 80204",18007,10/30/2017,10/30/2017,denver
682,NHL,sport,"800 Griffiths Way,Vancouver, BC V6B 6G1","18,860",10/30/2017,10/30/2017,vancouver
683,NBA,sport,"1000 Chopper Cir, Denver, CO 80204",18007,11/1/2017,11/1/2017,denver
684,NHL,sport,"800 Griffiths Way,Vancouver, BC V6B 6G1","18,860",11/1/2017,11/1/2017,vancouver
685,NBA,sport,"1000 Chopper Cir, Denver, CO 80204",18007,11/3/2017,11/3/2017,denver
686,NBA,sport,"1000 Chopper Cir, Denver, CO 80204",18007,11/4/2017,11/4/2017,denver
687,NHL,sport,"800 Griffiths Way,Vancouver, BC V6B 6G1","18,860",11/4/2017,11/4/2017,vancouver
688,football,sport,"1724 Bryant St, Denver, CO 80204",76125,11/5/2017,11/5/2017,denver
689,NHL,sport,"800 Griffiths Way,Vancouver, BC V6B 6G1","18,860",11/6/2017,11/6/2017,vancouver
690,NBA,sport,"1000 Chopper Cir, Denver, CO 80204",18007,11/7/2017,11/7/2017,denver
691,NHL,sport,"800 Griffiths Way,Vancouver, BC V6B 6G1","18,860",11/7/2017,11/7/2017,vancouver
692,NBA,sport,"1000 Chopper Cir, Denver, CO 80204",18007,11/9/2017,11/9/2017,denver
693,NHL,sport,"800 Griffiths Way,Vancouver, BC V6B 6G1","18,860",11/9/2017,11/9/2017,vancouver
694,NBA,sport,"1000 Chopper Cir, Denver, CO 80204",18007,11/11/2017,11/11/2017,denver
695,NHL,sport,"800 Griffiths Way,Vancouver, BC V6B 6G1","18,860",11/11/2017,11/11/2017,vancouver
696,football,sport,"1725 Bryant St, Denver, CO 80204",76125,11/12/2017,11/12/2017,denver
697,NBA,sport,"1000 Chopper Cir, Denver, CO 80204",18007,11/13/2017,11/13/2017,denver
698,NHL,sport,"800 Griffiths Way,Vancouver, BC V6B 6G1","18,860",11/14/2017,11/14/2017,vancouver
699,NHL,sport,"800 Griffiths Way,Vancouver, BC V6B 6G1","18,860",11/16/2017,11/16/2017,vancouver
700,NBA,sport,"1000 Chopper Cir, Denver, CO 80204",18007,11/17/2017,11/17/2017,denver
701,NHL,sport,"800 Griffiths Way,Vancouver, BC V6B 6G1","18,860",11/18/2017,11/18/2017,vancouver
702,football,sport,"1726 Bryant St, Denver, CO 80204",76125,11/19/2017,11/19/2017,denver
703,NBA,sport,"1000 Chopper Cir, Denver, CO 80204",18007,11/19/2017,11/19/2017,denver
704,NBA,sport,"1000 Chopper Cir, Denver, CO 80204",18007,11/20/2017,11/20/2017,denver
705,NHL,sport,"800 Griffiths Way,Vancouver, BC V6B 6G1","18,860",11/21/2017,11/21/2017,vancouver
706,NBA,sport,"1000 Chopper Cir, Denver, CO 80204",18007,11/22/2017,11/22/2017,denver
707,NHL,sport,"800 Griffiths Way,Vancouver, BC V6B 6G1","18,860",11/22/2017,11/22/2017,vancouver
708,NBA,sport,"1000 Chopper Cir, Denver, CO 80204",18007,11/24/2017,11/24/2017,denver
709,NHL,sport,"800 Griffiths Way,Vancouver, BC V6B 6G1","18,860",11/24/2017,11/24/2017,vancouver
710,football,sport,"1727 Bryant St, Denver, CO 80204",76125,11/26/2017,11/26/2017,denver
711,NHL,sport,"800 Griffiths Way,Vancouver, BC V6B 6G1","18,860",11/26/2017,11/26/2017,vancouver
712,NBA,sport,"1000 Chopper Cir, Denver, CO 80204",18007,11/28/2017,11/28/2017,denver
713,NHL,sport,"800 Griffiths Way,Vancouver, BC V6B 6G1","18,860",11/28/2017,11/28/2017,vancouver
714,NBA,sport,"1000 Chopper Cir, Denver, CO 80204",18007,11/30/2017,11/30/2017,denver
715,NHL,sport,"800 Griffiths Way,Vancouver, BC V6B 6G1","18,860",11/30/2017,11/30/2017,vancouver
716,NBA,sport,"1000 Chopper Cir, Denver, CO 80204",18007,12/2/2017,12/2/2017,denver
717,NHL,sport,"800 Griffiths Way,Vancouver, BC V6B 6G1","18,860",12/2/2017,12/2/2017,vancouver
718,football,sport,"1728 Bryant St, Denver, CO 80204",76125,12/3/2017,12/3/2017,denver
719,NBA,sport,"1000 Chopper Cir, Denver, CO 80204",18007,12/4/2017,12/4/2017,denver
720,NHL,sport,"800 Griffiths Way,Vancouver, BC V6B 6G1","18,860",12/5/2017,12/5/2017,vancouver
721,NBA,sport,"1000 Chopper Cir, Denver, CO 80204",18007,12/6/2017,12/6/2017,denver
722,NHL,sport,"800 Griffiths Way,Vancouver, BC V6B 6G1","18,860",12/7/2017,12/7/2017,vancouver
723,NBA,sport,"1000 Chopper Cir, Denver, CO 80204",18007,12/8/2017,12/8/2017,denver
724,NHL,sport,"800 Griffiths Way,Vancouver, BC V6B 6G1","18,860",12/9/2017,12/9/2017,vancouver
725,football,sport,"1729 Bryant St, Denver, CO 80204",76125,12/10/2017,12/10/2017,denver
726,NBA,sport,"1000 Chopper Cir, Denver, CO 80204",18007,12/10/2017,12/10/2017,denver
727,NHL,sport,"800 Griffiths Way,Vancouver, BC V6B 6G1","18,860",12/11/2017,12/11/2017,vancouver
728,NBA,sport,"1000 Chopper Cir, Denver, CO 80204",18007,12/12/2017,12/12/2017,denver
729,NBA,sport,"1000 Chopper Cir, Denver, CO 80204",18007,12/13/2017,12/13/2017,denver
730,NHL,sport,"800 Griffiths Way,Vancouver, BC V6B 6G1","18,860",12/13/2017,12/13/2017,vancouver
731,football,sport,"1730 Bryant St, Denver, CO 80204",76125,12/14/2017,12/14/2017,denver
732,NBA,sport,"1000 Chopper Cir, Denver, CO 80204",18007,12/15/2017,12/15/2017,denver
733,NHL,sport,"800 Griffiths Way,Vancouver, BC V6B 6G1","18,860",12/15/2017,12/15/2017,vancouver
734,NHL,sport,"800 Griffiths Way,Vancouver, BC V6B 6G1","18,860",12/17/2017,12/17/2017,vancouver
735,NBA,sport,"1000 Chopper Cir, Denver, CO 80204",18007,12/18/2017,12/18/2017,denver
736,NHL,sport,"800 Griffiths Way,Vancouver, BC V6B 6G1","18,860",12/19/2017,12/19/2017,vancouver
737,NBA,sport,"1000 Chopper Cir, Denver, CO 80204",18007,12/20/2017,12/20/2017,denver
738,NHL,sport,"800 Griffiths Way,Vancouver, BC V6B 6G1","18,860",12/21/2017,12/21/2017,vancouver
739,NBA,sport,"1000 Chopper Cir, Denver, CO 80204",18007,12/22/2017,12/22/2017,denver
740,NBA,sport,"1000 Chopper Cir, Denver, CO 80204",18007,12/23/2017,12/23/2017,denver
741,NHL,sport,"800 Griffiths Way,Vancouver, BC V6B 6G1","18,860",12/23/2017,12/23/2017,vancouver
742,football,sport,"1731 Bryant St, Denver, CO 80204",76125,12/24/2017,12/24/2017,denver
743,NBA,sport,"1000 Chopper Cir, Denver, CO 80204",18007,12/26/2017,12/26/2017,denver
744,NBA,sport,"1000 Chopper Cir, Denver, CO 80204",18007,12/27/2017,12/27/2017,denver
745,NHL,sport,"800 Griffiths Way,Vancouver, BC V6B 6G1","18,860",12/28/2017,12/28/2017,vancouver
746,NBA,sport,"1000 Chopper Cir, Denver, CO 80204",18007,12/30/2017,12/30/2017,denver
747,NHL,sport,"800 Griffiths Way,Vancouver, BC V6B 6G1","18,860",12/30/2017,12/30/2017,vancouver
748,football,sport,"1732 Bryant St, Denver, CO 80204",76125,12/31/2017,12/31/2017,denver
749,NBA,sport,"1000 Chopper Cir, Denver, CO 80204",18007,1/3/2018,1/3/2018,denver
750,NBA,sport,"1000 Chopper Cir, Denver, CO 80204",18007,1/5/2018,1/5/2018,denver
751,NBA,sport,"1000 Chopper Cir, Denver, CO 80204",18007,1/6/2018,1/6/2018,denver
752,NHL,sport,"800 Griffiths Way,Vancouver, BC V6B 6G1","18,860",1/7/2018,1/7/2018,vancouver
753,NBA,sport,"1000 Chopper Cir, Denver, CO 80204",18007,1/8/2018,1/8/2018,denver
754,NHL,sport,"800 Griffiths Way,Vancouver, BC V6B 6G1","18,860",1/9/2018,1/9/2018,vancouver
755,NBA,sport,"1000 Chopper Cir, Denver, CO 80204",18007,1/10/2018,1/10/2018,denver
756,NBA,sport,"1000 Chopper Cir, Denver, CO 80204",18007,1/12/2018,1/12/2018,denver
757,NHL,sport,"800 Griffiths Way,Vancouver, BC V6B 6G1","18,860",1/12/2018,1/12/2018,vancouver
758,NBA,sport,"1000 Chopper Cir, Denver, CO 80204",18007,1/13/2018,1/13/2018,denver
759,NHL,sport,"800 Griffiths Way,Vancouver, BC V6B 6G1","18,860",1/14/2018,1/14/2018,vancouver
760,NBA,sport,"1000 Chopper Cir, Denver, CO 80204",18007,1/16/2018,1/16/2018,denver
761,NBA,sport,"1000 Chopper Cir, Denver, CO 80204",18007,1/17/2018,1/17/2018,denver
762,NBA,sport,"1000 Chopper Cir, Denver, CO 80204",18007,1/19/2018,1/19/2018,denver
763,NHL,sport,"800 Griffiths Way,Vancouver, BC V6B 6G1","18,860",1/20/2018,1/20/2018,vancouver
764,NHL,sport,"800 Griffiths Way,Vancouver, BC V6B 6G1","18,860",1/21/2018,1/21/2018,vancouver
765,NBA,sport,"1000 Chopper Cir, Denver, CO 80204",18007,1/22/2018,1/22/2018,denver
766,NHL,sport,"800 Griffiths Way,Vancouver, BC V6B 6G1","18,860",1/23/2018,1/23/2018,vancouver
767,NBA,sport,"1000 Chopper Cir, Denver, CO 80204",18007,1/25/2018,1/25/2018,denver
768,NHL,sport,"800 Griffiths Way,Vancouver, BC V6B 6G1","18,860",1/25/2018,1/25/2018,vancouver
769,NBA,sport,"1000 Chopper Cir, Denver, CO 80204",18007,1/27/2018,1/27/2018,denver
770,NBA,sport,"1000 Chopper Cir, Denver, CO 80204",18007,1/29/2018,1/29/2018,denver
771,NBA,sport,"1000 Chopper Cir, Denver, CO 80204",18007,1/30/2018,1/30/2018,denver
772,NHL,sport,"800 Griffiths Way,Vancouver, BC V6B 6G1","18,860",1/30/2018,1/30/2018,vancouver
773,NBA,sport,"1000 Chopper Cir, Denver, CO 80204",18007,2/1/2018,2/1/2018,denver
774,NHL,sport,"800 Griffiths Way,Vancouver, BC V6B 6G1","18,860",2/1/2018,2/1/2018,vancouver
775,NBA,sport,"1000 Chopper Cir, Denver, CO 80204",18007,2/3/2018,2/3/2018,denver
776,NHL,sport,"800 Griffiths Way,Vancouver, BC V6B 6G1","18,860",2/3/2018,2/3/2018,vancouver
777,NBA,sport,"1000 Chopper Cir, Denver, CO 80204",18007,2/5/2018,2/5/2018,denver
778,NHL,sport,"800 Griffiths Way,Vancouver, BC V6B 6G1","18,860",2/6/2018,2/6/2018,vancouver
779,NHL,sport,"800 Griffiths Way,Vancouver, BC V6B 6G1","18,860",2/8/2018,2/8/2018,vancouver
780,NBA,sport,"1000 Chopper Cir, Denver, CO 80204",18007,2/9/2018,2/9/2018,denver
781,NHL,sport,"800 Griffiths Way,Vancouver, BC V6B 6G1","18,860",2/9/2018,2/9/2018,vancouver
782,NBA,sport,"1000 Chopper Cir, Denver, CO 80204",18007,2/10/2018,2/10/2018,denver
783,NHL,sport,"800 Griffiths Way,Vancouver, BC V6B 6G1","18,860",2/11/2018,2/11/2018,vancouver
784,NBA,sport,"1000 Chopper Cir, Denver, CO 80204",18007,2/13/2018,2/13/2018,denver
785,NHL,sport,"800 Griffiths Way,Vancouver, BC V6B 6G1","18,860",2/14/2018,2/14/2018,vancouver
786,NBA,sport,"1000 Chopper Cir, Denver, CO 80204",18007,2/15/2018,2/15/2018,denver
787,NHL,sport,"800 Griffiths Way,Vancouver, BC V6B 6G1","18,860",2/15/2018,2/15/2018,vancouver
788,NHL,sport,"800 Griffiths Way,Vancouver, BC V6B 6G1","18,860",2/17/2018,2/17/2018,vancouver
789,NHL,sport,"800 Griffiths Way,Vancouver, BC V6B 6G1","18,860",2/20/2018,2/20/2018,vancouver
790,NBA,sport,"1000 Chopper Cir, Denver, CO 80204",18007,2/23/2018,2/23/2018,denver
791,NHL,sport,"800 Griffiths Way,Vancouver, BC V6B 6G1","18,860",2/23/2018,2/23/2018,vancouver
792,NBA,sport,"1000 Chopper Cir, Denver, CO 80204",18007,2/25/2018,2/25/2018,denver
793,NHL,sport,"800 Griffiths Way,Vancouver, BC V6B 6G1","18,860",2/25/2018,2/25/2018,vancouver
794,NHL,sport,"800 Griffiths Way,Vancouver, BC V6B 6G1","18,860",2/26/2018,2/26/2018,vancouver
795,NBA,sport,"1000 Chopper Cir, Denver, CO 80204",18007,2/27/2018,2/27/2018,denver
796,NHL,sport,"800 Griffiths Way,Vancouver, BC V6B 6G1","18,860",2/28/2018,2/28/2018,vancouver
797,NBA,sport,"1000 Chopper Cir, Denver, CO 80204",18007,3/2/2018,3/2/2018,denver
798,NHL,sport,"800 Griffiths Way,Vancouver, BC V6B 6G1","18,860",3/2/2018,3/2/2018,vancouver
799,NBA,sport,"1000 Chopper Cir, Denver, CO 80204",18007,3/3/2018,3/3/2018,denver
800,NHL,sport,"800 Griffiths Way,Vancouver, BC V6B 6G1","18,860",3/5/2018,3/5/2018,vancouver
801,NBA,sport,"1000 Chopper Cir, Denver, CO 80204",18007,3/6/2018,3/6/2018,denver
802,NBA,sport,"1000 Chopper Cir, Denver, CO 80204",18007,3/7/2018,3/7/2018,denver
803,NHL,sport,"800 Griffiths Way,Vancouver, BC V6B 6G1","18,860",3/7/2018,3/7/2018,vancouver
804,NBA,sport,"1000 Chopper Cir, Denver, CO 80204",18007,3/9/2018,3/9/2018,denver
805,NHL,sport,"800 Griffiths Way,Vancouver, BC V6B 6G1","18,860",3/9/2018,3/9/2018,vancouver
806,NBA,sport,"1000 Chopper Cir, Denver, CO 80204",18007,3/11/2018,3/11/2018,denver
807,NHL,sport,"800 Griffiths Way,Vancouver, BC V6B 6G1","18,860",3/11/2018,3/11/2018,vancouver
808,NHL,sport,"800 Griffiths Way,Vancouver, BC V6B 6G1","18,860",3/12/2018,3/12/2018,vancouver
809,NBA,sport,"1000 Chopper Cir, Denver, CO 80204",18007,3/13/2018,3/13/2018,denver
810,NHL,sport,"800 Griffiths Way,Vancouver, BC V6B 6G1","18,860",3/14/2018,3/14/2018,vancouver
811,NBA,sport,"1000 Chopper Cir, Denver, CO 80204",18007,3/15/2018,3/15/2018,denver
812,NBA,sport,"1000 Chopper Cir, Denver, CO 80204",18007,3/17/2018,3/17/2018,denver
813,NHL,sport,"800 Griffiths Way,Vancouver, BC V6B 6G1","18,860",3/17/2018,3/17/2018,vancouver
814,NBA,sport,"1000 Chopper Cir, Denver, CO 80204",18007,3/19/2018,3/19/2018,denver
815,NHL,sport,"800 Griffiths Way,Vancouver, BC V6B 6G1","18,860",3/20/2018,3/20/2018,vancouver
816,NBA,sport,"1000 Chopper Cir, Denver, CO 80204",18007,3/21/2018,3/21/2018,denver
817,NHL,sport,"800 Griffiths Way,Vancouver, BC V6B 6G1","18,860",3/22/2018,3/22/2018,vancouver
818,NBA,sport,"1000 Chopper Cir, Denver, CO 80204",18007,3/23/2018,3/23/2018,denver
819,NHL,sport,"800 Griffiths Way,Vancouver, BC V6B 6G1","18,860",3/23/2018,3/23/2018,vancouver
820,NHL,sport,"800 Griffiths Way,Vancouver, BC V6B 6G1","18,860",3/25/2018,3/25/2018,vancouver
821,NBA,sport,"1000 Chopper Cir, Denver, CO 80204",18007,3/26/2018,3/26/2018,denver
822,NBA,sport,"1000 Chopper Cir, Denver, CO 80204",18007,3/27/2018,3/27/2018,denver
823,NHL,sport,"800 Griffiths Way,Vancouver, BC V6B 6G1","18,860",3/27/2018,3/27/2018,vancouver
824,NHL,sport,"800 Griffiths Way,Vancouver, BC V6B 6G1","18,860",3/29/2018,3/29/2018,vancouver
825,NBA,sport,"1000 Chopper Cir, Denver, CO 80204",18007,3/30/2018,3/30/2018,denver
826,NHL,sport,"800 Griffiths Way,Vancouver, BC V6B 6G1","18,860",3/31/2018,3/31/2018,vancouver
827,NBA,sport,"1000 Chopper Cir, Denver, CO 80204",18007,4/1/2018,4/1/2018,denver
828,NBA,sport,"1000 Chopper Cir, Denver, CO 80204",18007,4/3/2018,4/3/2018,denver
829,NHL,sport,"800 Griffiths Way,Vancouver, BC V6B 6G1","18,860",4/3/2018,4/3/2018,vancouver
830,NBA,sport,"1000 Chopper Cir, Denver, CO 80204",18007,4/5/2018,4/5/2018,denver
831,NHL,sport,"800 Griffiths Way,Vancouver, BC V6B 6G1","18,860",4/5/2018,4/5/2018,vancouver
832,NBA,sport,"1000 Chopper Cir, Denver, CO 80204",18007,4/7/2018,4/7/2018,denver
833,NHL,sport,"800 Griffiths Way,Vancouver, BC V6B 6G1","18,860",4/7/2018,4/7/2018,vancouver
834,NBA,sport,"1000 Chopper Cir, Denver, CO 80204",18007,4/9/2018,4/9/2018,denver
835,NBA,sport,"1000 Chopper Cir, Denver, CO 80204",18007,4/11/2018,4/11/2018,denver
836,football,sport,"1733 Bryant St, Denver, CO 80204",76125,9/9/2018,9/9/2018,denver
837,football,sport,"1734 Bryant St, Denver, CO 80204",76125,9/16/2018,9/16/2018,denver
838,football,sport,"1735 Bryant St, Denver, CO 80204",76125,9/23/2018,9/23/2018,denver
839,football,sport,"1736 Bryant St, Denver, CO 80204",76125,10/1/2018,10/1/2018,denver
840,NHL,sport,"800 Griffiths Way,Vancouver, BC V6B 6G1","18,860",10/3/2018,10/3/2018,vancouver
841,NHL,sport,"800 Griffiths Way,Vancouver, BC V6B 6G1","18,860",10/6/2018,10/6/2018,vancouver
842,football,sport,"1737 Bryant St, Denver, CO 80204",76125,10/7/2018,10/7/2018,denver
843,NHL,sport,"800 Griffiths Way,Vancouver, BC V6B 6G1","18,860",10/9/2018,10/9/2018,vancouver
844,NHL,sport,"800 Griffiths Way,Vancouver, BC V6B 6G1","18,860",10/11/2018,10/11/2018,vancouver
845,NHL,sport,"800 Griffiths Way,Vancouver, BC V6B 6G1","18,860",10/13/2018,10/13/2018,vancouver
846,football,sport,"1738 Bryant St, Denver, CO 80204",76125,10/14/2018,10/14/2018,denver
847,NHL,sport,"800 Griffiths Way,Vancouver, BC V6B 6G1","18,860",10/16/2018,10/16/2018,vancouver
848,NBA,sport,"1000 Chopper Cir, Denver, CO 80204",18007,10/17/2018,10/17/2018,denver
849,football,sport,"1739 Bryant St, Denver, CO 80204",76125,10/18/2018,10/18/2018,denver
850,NHL,sport,"800 Griffiths Way,Vancouver, BC V6B 6G1","18,860",10/18/2018,10/18/2018,vancouver
851,NBA,sport,"1000 Chopper Cir, Denver, CO 80204",18007,10/20/2018,10/20/2018,denver
852,NHL,sport,"800 Griffiths Way,Vancouver, BC V6B 6G1","18,860",10/20/2018,10/20/2018,vancouver
853,NBA,sport,"1000 Chopper Cir, Denver, CO 80204",18007,10/21/2018,10/21/2018,denver
854,NHL,sport,"800 Griffiths Way,Vancouver, BC V6B 6G1","18,860",10/22/2018,10/22/2018,vancouver
855,NBA,sport,"1000 Chopper Cir, Denver, CO 80204",18007,10/23/2018,10/23/2018,denver
856,NHL,sport,"800 Griffiths Way,Vancouver, BC V6B 6G1","18,860",10/24/2018,10/24/2018,vancouver
857,NBA,sport,"1000 Chopper Cir, Denver, CO 80204",18007,10/25/2018,10/25/2018,denver
858,NHL,sport,"800 Griffiths Way,Vancouver, BC V6B 6G1","18,860",10/25/2018,10/25/2018,vancouver
859,NHL,sport,"800 Griffiths Way,Vancouver, BC V6B 6G1","18,860",10/27/2018,10/27/2018,vancouver
860,football,sport,"1740 Bryant St, Denver, CO 80204",76125,10/28/2018,10/28/2018,denver
861,NBA,sport,"1000 Chopper Cir, Denver, CO 80204",18007,10/29/2018,10/29/2018,denver
862,NHL,sport,"800 Griffiths Way,Vancouver, BC V6B 6G1","18,860",10/29/2018,10/29/2018,vancouver
863,NBA,sport,"1000 Chopper Cir, Denver, CO 80204",18007,10/31/2018,10/31/2018,denver
864,NHL,sport,"800 Griffiths Way,Vancouver, BC V6B 6G1","18,860",10/31/2018,10/31/2018,vancouver
865,NBA,sport,"1000 Chopper Cir, Denver, CO 80204",18007,11/1/2018,11/1/2018,denver
866,NHL,sport,"800 Griffiths Way,Vancouver, BC V6B 6G1","18,860",11/2/2018,11/2/2018,vancouver
867,NBA,sport,"1000 Chopper Cir, Denver, CO 80204",18007,11/3/2018,11/3/2018,denver
868,football,sport,"1741 Bryant St, Denver, CO 80204",76125,11/4/2018,11/4/2018,denver
869,NBA,sport,"1000 Chopper Cir, Denver, CO 80204",18007,11/5/2018,11/5/2018,denver
870,NHL,sport,"800 Griffiths Way,Vancouver, BC V6B 6G1","18,860",11/6/2018,11/6/2018,vancouver
871,NBA,sport,"1000 Chopper Cir, Denver, CO 80204",18007,11/7/2018,11/7/2018,denver
872,NHL,sport,"800 Griffiths Way,Vancouver, BC V6B 6G1","18,860",11/8/2018,11/8/2018,vancouver
873,NBA,sport,"1000 Chopper Cir, Denver, CO 80204",18007,11/9/2018,11/9/2018,denver
874,NHL,sport,"800 Griffiths Way,Vancouver, BC V6B 6G1","18,860",11/10/2018,11/10/2018,vancouver
875,NBA,sport,"1000 Chopper Cir, Denver, CO 80204",18007,11/11/2018,11/11/2018,denver
876,NHL,sport,"800 Griffiths Way,Vancouver, BC V6B 6G1","18,860",11/12/2018,11/12/2018,vancouver
877,NBA,sport,"1000 Chopper Cir, Denver, CO 80204",18007,11/13/2018,11/13/2018,denver
878,NHL,sport,"800 Griffiths Way,Vancouver, BC V6B 6G1","18,860",11/13/2018,11/13/2018,vancouver
879,NBA,sport,"1000 Chopper Cir, Denver, CO 80204",18007,11/15/2018,11/15/2018,denver
880,NHL,sport,"800 Griffiths Way,Vancouver, BC V6B 6G1","18,860",11/15/2018,11/15/2018,vancouver
881,NBA,sport,"1000 Chopper Cir, Denver, CO 80204",18007,11/17/2018,11/17/2018,denver
882,NHL,sport,"800 Griffiths Way,Vancouver, BC V6B 6G1","18,860",11/17/2018,11/17/2018,vancouver
883,football,sport,"1742 Bryant St, Denver, CO 80204",76125,11/18/2018,11/18/2018,denver
884,NBA,sport,"1000 Chopper Cir, Denver, CO 80204",18007,11/19/2018,11/19/2018,denver
885,NHL,sport,"800 Griffiths Way,Vancouver, BC V6B 6G1","18,860",11/19/2018,11/19/2018,vancouver
886,NBA,sport,"1000 Chopper Cir, Denver, CO 80204",18007,11/21/2018,11/21/2018,denver
887,NHL,sport,"800 Griffiths Way,Vancouver, BC V6B 6G1","18,860",11/21/2018,11/21/2018,vancouver
888,NBA,sport,"1000 Chopper Cir, Denver, CO 80204",18007,11/23/2018,11/23/2018,denver
889,NHL,sport,"800 Griffiths Way,Vancouver, BC V6B 6G1","18,860",11/23/2018,11/23/2018,vancouver
890,NBA,sport,"1000 Chopper Cir, Denver, CO 80204",18007,11/24/2018,11/24/2018,denver
891,NHL,sport,"800 Griffiths Way,Vancouver, BC V6B 6G1","18,860",11/24/2018,11/24/2018,vancouver
892,football,sport,"1743 Bryant St, Denver, CO 80204",76125,11/25/2018,11/25/2018,denver
893,NBA,sport,"1000 Chopper Cir, Denver, CO 80204",18007,11/27/2018,11/27/2018,denver
894,NHL,sport,"800 Griffiths Way,Vancouver, BC V6B 6G1","18,860",11/27/2018,11/27/2018,vancouver
895,NHL,sport,"800 Griffiths Way,Vancouver, BC V6B 6G1","18,860",11/29/2018,11/29/2018,vancouver
896,NBA,sport,"1000 Chopper Cir, Denver, CO 80204",18007,11/30/2018,11/30/2018,denver
897,NHL,sport,"800 Griffiths Way,Vancouver, BC V6B 6G1","18,860",12/1/2018,12/1/2018,vancouver
898,football,sport,"1744 Bryant St, Denver, CO 80204",76125,12/2/2018,12/2/2018,denver
899,NBA,sport,"1000 Chopper Cir, Denver, CO 80204",18007,12/3/2018,12/3/2018,denver
900,NHL,sport,"800 Griffiths Way,Vancouver, BC V6B 6G1","18,860",12/4/2018,12/4/2018,vancouver
901,NBA,sport,"1000 Chopper Cir, Denver, CO 80204",18007,12/5/2018,12/5/2018,denver
902,NHL,sport,"800 Griffiths Way,Vancouver, BC V6B 6G1","18,860",12/6/2018,12/6/2018,vancouver
903,NBA,sport,"1000 Chopper Cir, Denver, CO 80204",18007,12/7/2018,12/7/2018,denver
904,NBA,sport,"1000 Chopper Cir, Denver, CO 80204",18007,12/8/2018,12/8/2018,denver
905,football,sport,"1745 Bryant St, Denver, CO 80204",76125,12/9/2018,12/9/2018,denver
906,NHL,sport,"800 Griffiths Way,Vancouver, BC V6B 6G1","18,860",12/9/2018,12/9/2018,vancouver
907,NBA,sport,"1000 Chopper Cir, Denver, CO 80204",18007,12/10/2018,12/10/2018,denver
908,NHL,sport,"800 Griffiths Way,Vancouver, BC V6B 6G1","18,860",12/11/2018,12/11/2018,vancouver
909,NHL,sport,"800 Griffiths Way,Vancouver, BC V6B 6G1","18,860",12/13/2018,12/13/2018,vancouver
910,NBA,sport,"1000 Chopper Cir, Denver, CO 80204",18007,12/14/2018,12/14/2018,denver
911,football,sport,"1746 Bryant St, Denver, CO 80204",76125,12/15/2018,12/15/2018,denver
912,NHL,sport,"800 Griffiths Way,Vancouver, BC V6B 6G1","18,860",12/15/2018,12/15/2018,vancouver
913,NBA,sport,"1000 Chopper Cir, Denver, CO 80204",18007,12/16/2018,12/16/2018,denver
914,NHL,sport,"800 Griffiths Way,Vancouver, BC V6B 6G1","18,860",12/16/2018,12/16/2018,vancouver
915,NBA,sport,"1000 Chopper Cir, Denver, CO 80204",18007,12/18/2018,12/18/2018,denver
916,NHL,sport,"800 Griffiths Way,Vancouver, BC V6B 6G1","18,860",12/18/2018,12/18/2018,vancouver
917,NHL,sport,"800 Griffiths Way,Vancouver, BC V6B 6G1","18,860",12/20/2018,12/20/2018,vancouver
918,NBA,sport,"1000 Chopper Cir, Denver, CO 80204",18007,12/22/2018,12/22/2018,denver
919,NHL,sport,"800 Griffiths Way,Vancouver, BC V6B 6G1","18,860",12/22/2018,12/22/2018,vancouver
920,football,sport,"1747 Bryant St, Denver, CO 80204",76125,12/24/2018,12/24/2018,denver
921,NBA,sport,"1000 Chopper Cir, Denver, CO 80204",18007,12/26/2018,12/26/2018,denver
922,NHL,sport,"800 Griffiths Way,Vancouver, BC V6B 6G1","18,860",12/27/2018,12/27/2018,vancouver
923,NBA,sport,"1000 Chopper Cir, Denver, CO 80204",18007,12/28/2018,12/28/2018,denver
924,NBA,sport,"1000 Chopper Cir, Denver, CO 80204",18007,12/29/2018,12/29/2018,denver
925,NHL,sport,"800 Griffiths Way,Vancouver, BC V6B 6G1","18,860",12/29/2018,12/29/2018,vancouver
926,football,sport,"1748 Bryant St, Denver, CO 80204",76125,12/30/2018,12/30/2018,denver
927,NBA,sport,"1000 Chopper Cir, Denver, CO 80204",18007,1/1/2019,1/1/2019,denver
928,NHL,sport,"800 Griffiths Way,Vancouver, BC V6B 6G1","18,860",1/2/2019,1/2/2019,vancouver
929,NBA,sport,"1000 Chopper Cir, Denver, CO 80204",18007,1/3/2019,1/3/2019,denver
930,NHL,sport,"800 Griffiths Way,Vancouver, BC V6B 6G1","18,860",1/3/2019,1/3/2019,vancouver
931,NBA,sport,"1000 Chopper Cir, Denver, CO 80204",18007,1/5/2019,1/5/2019,denver
932,NHL,sport,"800 Griffiths Way,Vancouver, BC V6B 6G1","18,860",1/5/2019,1/5/2019,vancouver
933,NBA,sport,"1000 Chopper Cir, Denver, CO 80204",18007,1/7/2019,1/7/2019,denver
934,NBA,sport,"1000 Chopper Cir, Denver, CO 80204",18007,1/8/2019,1/8/2019,denver
935,NBA,sport,"1000 Chopper Cir, Denver, CO 80204",18007,1/10/2019,1/10/2019,denver
936,NHL,sport,"800 Griffiths Way,Vancouver, BC V6B 6G1","18,860",1/10/2019,1/10/2019,vancouver
937,NBA,sport,"1000 Chopper Cir, Denver, CO 80204",18007,1/12/2019,1/12/2019,denver
938,NBA,sport,"1000 Chopper Cir, Denver, CO 80204",18007,1/13/2019,1/13/2019,denver
939,NHL,sport,"800 Griffiths Way,Vancouver, BC V6B 6G1","18,860",1/13/2019,1/13/2019,vancouver
940,NBA,sport,"1000 Chopper Cir, Denver, CO 80204",18007,1/15/2019,1/15/2019,denver
941,NHL,sport,"800 Griffiths Way,Vancouver, BC V6B 6G1","18,860",1/16/2019,1/16/2019,vancouver
942,NBA,sport,"1000 Chopper Cir, Denver, CO 80204",18007,1/17/2019,1/17/2019,denver
943,NHL,sport,"800 Griffiths Way,Vancouver, BC V6B 6G1","18,860",1/18/2019,1/18/2019,vancouver
944,NBA,sport,"1000 Chopper Cir, Denver, CO 80204",18007,1/19/2019,1/19/2019,denver
945,NHL,sport,"800 Griffiths Way,Vancouver, BC V6B 6G1","18,860",1/20/2019,1/20/2019,vancouver
946,NBA,sport,"1000 Chopper Cir, Denver, CO 80204",18007,1/23/2019,1/23/2019,denver
947,NHL,sport,"800 Griffiths Way,Vancouver, BC V6B 6G1","18,860",1/23/2019,1/23/2019,vancouver
948,NBA,sport,"1000 Chopper Cir, Denver, CO 80204",18007,1/25/2019,1/25/2019,denver
949,NBA,sport,"1000 Chopper Cir, Denver, CO 80204",18007,1/26/2019,1/26/2019,denver
950,NBA,sport,"1000 Chopper Cir, Denver, CO 80204",18007,1/28/2019,1/28/2019,denver
951,NBA,sport,"1000 Chopper Cir, Denver, CO 80204",18007,1/30/2019,1/30/2019,denver
952,NBA,sport,"1000 Chopper Cir, Denver, CO 80204",18007,2/1/2019,2/1/2019,denver
953,NBA,sport,"1000 Chopper Cir, Denver, CO 80204",18007,2/2/2019,2/2/2019,denver
954,NHL,sport,"800 Griffiths Way,Vancouver, BC V6B 6G1","18,860",2/2/2019,2/2/2019,vancouver
955,NBA,sport,"1000 Chopper Cir, Denver, CO 80204",18007,2/4/2019,2/4/2019,denver
956,NHL,sport,"800 Griffiths Way,Vancouver, BC V6B 6G1","18,860",2/4/2019,2/4/2019,vancouver
957,NHL,sport,"800 Griffiths Way,Vancouver, BC V6B 6G1","18,860",2/5/2019,2/5/2019,vancouver
958,NBA,sport,"1000 Chopper Cir, Denver, CO 80204",18007,2/6/2019,2/6/2019,denver
959,NHL,sport,"800 Griffiths Way,Vancouver, BC V6B 6G1","18,860",2/7/2019,2/7/2019,vancouver
960,NBA,sport,"1000 Chopper Cir, Denver, CO 80204",18007,2/8/2019,2/8/2019,denver
961,NHL,sport,"800 Griffiths Way,Vancouver, BC V6B 6G1","18,860",2/9/2019,2/9/2019,vancouver
962,NBA,sport,"1000 Chopper Cir, Denver, CO 80204",18007,2/11/2019,2/11/2019,denver
963,NHL,sport,"800 Griffiths Way,Vancouver, BC V6B 6G1","18,860",2/11/2019,2/11/2019,vancouver
964,NBA,sport,"1000 Chopper Cir, Denver, CO 80204",18007,2/13/2019,2/13/2019,denver
965,NHL,sport,"800 Griffiths Way,Vancouver, BC V6B 6G1","18,860",2/13/2019,2/13/2019,vancouver
966,NHL,sport,"800 Griffiths Way,Vancouver, BC V6B 6G1","18,860",2/14/2019,2/14/2019,vancouver
967,NHL,sport,"800 Griffiths Way,Vancouver, BC V6B 6G1","18,860",2/16/2019,2/16/2019,vancouver
968,NHL,sport,"800 Griffiths Way,Vancouver, BC V6B 6G1","18,860",2/21/2019,2/21/2019,vancouver
969,NBA,sport,"1000 Chopper Cir, Denver, CO 80204",18007,2/22/2019,2/22/2019,denver
970,NHL,sport,"800 Griffiths Way,Vancouver, BC V6B 6G1","18,860",2/23/2019,2/23/2019,vancouver
971,NBA,sport,"1000 Chopper Cir, Denver, CO 80204",18007,2/24/2019,2/24/2019,denver
972,NHL,sport,"800 Griffiths Way,Vancouver, BC V6B 6G1","18,860",2/25/2019,2/25/2019,vancouver
973,NBA,sport,"1000 Chopper Cir, Denver, CO 80204",18007,2/26/2019,2/26/2019,denver
974,NHL,sport,"800 Griffiths Way,Vancouver, BC V6B 6G1","18,860",2/27/2019,2/27/2019,vancouver
975,NBA,sport,"1000 Chopper Cir, Denver, CO 80204",18007,2/28/2019,2/28/2019,denver
976,NHL,sport,"800 Griffiths Way,Vancouver, BC V6B 6G1","18,860",2/28/2019,2/28/2019,vancouver
977,NBA,sport,"1000 Chopper Cir, Denver, CO 80204",18007,3/2/2019,3/2/2019,denver
978,NHL,sport,"800 Griffiths Way,Vancouver, BC V6B 6G1","18,860",3/3/2019,3/3/2019,vancouver
979,NBA,sport,"1000 Chopper Cir, Denver, CO 80204",18007,3/4/2019,3/4/2019,denver
980,NBA,sport,"1000 Chopper Cir, Denver, CO 80204",18007,3/6/2019,3/6/2019,denver
981,NHL,sport,"800 Griffiths Way,Vancouver, BC V6B 6G1","18,860",3/6/2019,3/6/2019,vancouver
982,NHL,sport,"800 Griffiths Way,Vancouver, BC V6B 6G1","18,860",3/7/2019,3/7/2019,vancouver
983,NBA,sport,"1000 Chopper Cir, Denver, CO 80204",18007,3/8/2019,3/8/2019,denver
984,NHL,sport,"800 Griffiths Way,Vancouver, BC V6B 6G1","18,860",3/9/2019,3/9/2019,vancouver
985,NBA,sport,"1000 Chopper Cir, Denver, CO 80204",18007,3/12/2019,3/12/2019,denver
986,NHL,sport,"800 Griffiths Way,Vancouver, BC V6B 6G1","18,860",3/13/2019,3/13/2019,vancouver
987,NBA,sport,"1000 Chopper Cir, Denver, CO 80204",18007,3/14/2019,3/14/2019,denver
988,NHL,sport,"800 Griffiths Way,Vancouver, BC V6B 6G1","18,860",3/15/2019,3/15/2019,vancouver
989,NBA,sport,"1000 Chopper Cir, Denver, CO 80204",18007,3/16/2019,3/16/2019,denver
990,NHL,sport,"800 Griffiths Way,Vancouver, BC V6B 6G1","18,860",3/17/2019,3/17/2019,vancouver
991,NBA,sport,"1000 Chopper Cir, Denver, CO 80204",18007,3/18/2019,3/18/2019,denver
992,NHL,sport,"800 Griffiths Way,Vancouver, BC V6B 6G1","18,860",3/18/2019,3/18/2019,vancouver
993,NHL,sport,"800 Griffiths Way,Vancouver, BC V6B 6G1","18,860",3/20/2019,3/20/2019,vancouver
994,NBA,sport,"1000 Chopper Cir, Denver, CO 80204",18007,3/21/2019,3/21/2019,denver
995,NBA,sport,"1000 Chopper Cir, Denver, CO 80204",18007,3/22/2019,3/22/2019,denver
996,NHL,sport,"800 Griffiths Way,Vancouver, BC V6B 6G1","18,860",3/23/2019,3/23/2019,vancouver
997,NBA,sport,"1000 Chopper Cir, Denver, CO 80204",18007,3/24/2019,3/24/2019,denver
998,NHL,sport,"800 Griffiths Way,Vancouver, BC V6B 6G1","18,860",3/24/2019,3/24/2019,vancouver
999,NBA,sport,"1000 Chopper Cir, Denver, CO 80204",18007,3/26/2019,3/26/2019,denver
1000,NHL,sport,"800 Griffiths Way,Vancouver, BC V6B 6G1","18,860",3/26/2019,3/26/2019,vancouver
1001,NBA,sport,"1000 Chopper Cir, Denver, CO 80204",18007,3/28/2019,3/28/2019,denver
1002,NHL,sport,"800 Griffiths Way,Vancouver, BC V6B 6G1","18,860",3/28/2019,3/28/2019,vancouver
1003,NBA,sport,"1000 Chopper Cir, Denver, CO 80204",18007,3/29/2019,3/29/2019,denver
1004,NHL,sport,"800 Griffiths Way,Vancouver, BC V6B 6G1","18,860",3/30/2019,3/30/2019,vancouver
1005,NBA,sport,"1000 Chopper Cir, Denver, CO 80204",18007,3/31/2019,3/31/2019,denver
1006,NBA,sport,"1000 Chopper Cir, Denver, CO 80204",18007,4/2/2019,4/2/2019,denver
1007,NHL,sport,"800 Griffiths Way,Vancouver, BC V6B 6G1","18,860",4/2/2019,4/2/2019,vancouver
1008,NBA,sport,"1000 Chopper Cir, Denver, CO 80204",18007,4/3/2019,4/3/2019,denver
1009,NHL,sport,"800 Griffiths Way,Vancouver, BC V6B 6G1","18,860",4/4/2019,4/4/2019,vancouver
1010,NBA,sport,"1000 Chopper Cir, Denver, CO 80204",18007,4/5/2019,4/5/2019,denver
1011,NHL,sport,"800 Griffiths Way,Vancouver, BC V6B 6G1","18,860",4/6/2019,4/6/2019,vancouver
1012,NBA,sport,"1000 Chopper Cir, Denver, CO 80204",18007,4/7/2019,4/7/2019,denver
1013,NBA,sport,"1000 Chopper Cir, Denver, CO 80204",18007,4/9/2019,4/9/2019,denver
1014,NBA,sport,"1000 Chopper Cir, Denver, CO 80204",18007,4/10/2019,4/10/2019,denver
1015,NHL,sport,"800 Griffiths Way,Vancouver, BC V6B 6G1","18,860",12/31/2019,12/31/2019,vancouver